file,line,type,commit,author,date,time,timezone,datetime,depth,length
style.css,1,css,43070fa2,Jackie Wang,2025-01-17,17:26:05,-08:00,2025-01-17T17:26:05-08:00,0,21
style.css,2,css,43070fa2,Jackie Wang,2025-01-17,17:26:05,-08:00,2025-01-17T17:26:05-08:00,0,6
style.css,3,css,43070fa2,Jackie Wang,2025-01-17,17:26:05,-08:00,2025-01-17T17:26:05-08:00,0,33
style.css,4,css,84c6df06,Jackie Wang,2025-01-20,18:47:24,-08:00,2025-01-20T18:47:24-08:00,0,24
style.css,5,css,43070fa2,Jackie Wang,2025-01-17,17:26:05,-08:00,2025-01-17T17:26:05-08:00,0,0
style.css,6,css,56f560c4,Jackie Wang,2025-01-17,15:18:53,-08:00,2025-01-17T15:18:53-08:00,0,18
style.css,7,css,348c1107,Jackie Wang,2025-01-10,15:35:25,-08:00,2025-01-10T15:35:25-08:00,0,5
style.css,8,css,56f560c4,Jackie Wang,2025-01-17,15:18:53,-08:00,2025-01-17T15:18:53-08:00,0,43
style.css,9,css,56f560c4,Jackie Wang,2025-01-17,15:18:53,-08:00,2025-01-17T15:18:53-08:00,0,16
style.css,10,css,56f560c4,Jackie Wang,2025-01-17,15:18:53,-08:00,2025-01-17T15:18:53-08:00,0,22
style.css,11,css,c426c238,Jackie Wang,2025-01-17,18:21:55,-08:00,2025-01-17T18:21:55-08:00,0,12
style.css,12,css,43070fa2,Jackie Wang,2025-01-17,17:26:05,-08:00,2025-01-17T17:26:05-08:00,0,33
style.css,13,css,c426c238,Jackie Wang,2025-01-17,18:21:55,-08:00,2025-01-17T18:21:55-08:00,0,17
style.css,14,css,c426c238,Jackie Wang,2025-01-17,18:21:55,-08:00,2025-01-17T18:21:55-08:00,0,14
style.css,15,css,84c6df06,Jackie Wang,2025-01-20,18:47:24,-08:00,2025-01-20T18:47:24-08:00,0,55
style.css,16,css,84c6df06,Jackie Wang,2025-01-20,18:47:24,-08:00,2025-01-20T18:47:24-08:00,0,38
style.css,17,css,56f560c4,Jackie Wang,2025-01-17,15:18:53,-08:00,2025-01-17T15:18:53-08:00,0,0
style.css,18,css,56f560c4,Jackie Wang,2025-01-17,15:18:53,-08:00,2025-01-17T15:18:53-08:00,0,0
style.css,19,css,56f560c4,Jackie Wang,2025-01-17,15:18:53,-08:00,2025-01-17T15:18:53-08:00,0,22
style.css,20,css,56f560c4,Jackie Wang,2025-01-17,15:18:53,-08:00,2025-01-17T15:18:53-08:00,0,4
style.css,21,css,56f560c4,Jackie Wang,2025-01-17,15:18:53,-08:00,2025-01-17T15:18:53-08:00,0,51
style.css,22,css,56f560c4,Jackie Wang,2025-01-17,15:18:53,-08:00,2025-01-17T15:18:53-08:00,0,63
style.css,23,css,84c6df06,Jackie Wang,2025-01-20,18:47:24,-08:00,2025-01-20T18:47:24-08:00,0,68
style.css,24,css,56f560c4,Jackie Wang,2025-01-17,15:18:53,-08:00,2025-01-17T15:18:53-08:00,0,77
style.css,25,css,56f560c4,Jackie Wang,2025-01-17,15:18:53,-08:00,2025-01-17T15:18:53-08:00,0,0
style.css,26,css,56f560c4,Jackie Wang,2025-01-17,15:18:53,-08:00,2025-01-17T15:18:53-08:00,0,0
style.css,27,css,56f560c4,Jackie Wang,2025-01-17,15:18:53,-08:00,2025-01-17T15:18:53-08:00,0,18
style.css,28,css,56f560c4,Jackie Wang,2025-01-17,15:18:53,-08:00,2025-01-17T15:18:53-08:00,0,17
style.css,29,css,56f560c4,Jackie Wang,2025-01-17,15:18:53,-08:00,2025-01-17T15:18:53-08:00,0,0
style.css,30,css,56f560c4,Jackie Wang,2025-01-17,15:18:53,-08:00,2025-01-17T15:18:53-08:00,0,0
style.css,31,css,56f560c4,Jackie Wang,2025-01-17,15:18:53,-08:00,2025-01-17T15:18:53-08:00,0,6
style.css,32,css,56f560c4,Jackie Wang,2025-01-17,15:18:53,-08:00,2025-01-17T15:18:53-08:00,0,53
style.css,33,css,56f560c4,Jackie Wang,2025-01-17,15:18:53,-08:00,2025-01-17T15:18:53-08:00,0,55
style.css,34,css,56f560c4,Jackie Wang,2025-01-17,15:18:53,-08:00,2025-01-17T15:18:53-08:00,0,46
style.css,35,css,56f560c4,Jackie Wang,2025-01-17,15:18:53,-08:00,2025-01-17T15:18:53-08:00,0,51
style.css,36,css,56f560c4,Jackie Wang,2025-01-17,15:18:53,-08:00,2025-01-17T15:18:53-08:00,0,45
style.css,37,css,56f560c4,Jackie Wang,2025-01-17,15:18:53,-08:00,2025-01-17T15:18:53-08:00,0,14
style.css,38,css,43070fa2,Jackie Wang,2025-01-17,17:26:05,-08:00,2025-01-17T17:26:05-08:00,0,18
style.css,39,css,56f560c4,Jackie Wang,2025-01-17,15:18:53,-08:00,2025-01-17T15:18:53-08:00,0,0
style.css,40,css,56f560c4,Jackie Wang,2025-01-17,15:18:53,-08:00,2025-01-17T15:18:53-08:00,0,0
style.css,41,css,43070fa2,Jackie Wang,2025-01-17,17:26:05,-08:00,2025-01-17T17:26:05-08:00,0,30
style.css,42,css,56f560c4,Jackie Wang,2025-01-17,15:18:53,-08:00,2025-01-17T15:18:53-08:00,0,14
style.css,43,css,56f560c4,Jackie Wang,2025-01-17,15:18:53,-08:00,2025-01-17T15:18:53-08:00,0,92
style.css,44,css,56f560c4,Jackie Wang,2025-01-17,15:18:53,-08:00,2025-01-17T15:18:53-08:00,0,79
style.css,45,css,56f560c4,Jackie Wang,2025-01-17,15:18:53,-08:00,2025-01-17T15:18:53-08:00,0,0
style.css,46,css,43070fa2,Jackie Wang,2025-01-17,17:26:05,-08:00,2025-01-17T17:26:05-08:00,0,0
style.css,47,css,43070fa2,Jackie Wang,2025-01-17,17:26:05,-08:00,2025-01-17T17:26:05-08:00,0,18
style.css,48,css,43070fa2,Jackie Wang,2025-01-17,17:26:05,-08:00,2025-01-17T17:26:05-08:00,0,12
style.css,49,css,84c6df06,Jackie Wang,2025-01-20,18:47:24,-08:00,2025-01-20T18:47:24-08:00,0,70
style.css,50,css,43070fa2,Jackie Wang,2025-01-17,17:26:05,-08:00,2025-01-17T17:26:05-08:00,0,46
style.css,51,css,43070fa2,Jackie Wang,2025-01-17,17:26:05,-08:00,2025-01-17T17:26:05-08:00,0,21
style.css,52,css,c426c238,Jackie Wang,2025-01-17,18:21:55,-08:00,2025-01-17T18:21:55-08:00,0,0
style.css,53,css,c426c238,Jackie Wang,2025-01-17,18:21:55,-08:00,2025-01-17T18:21:55-08:00,0,0
style.css,54,css,c426c238,Jackie Wang,2025-01-17,18:21:55,-08:00,2025-01-17T18:21:55-08:00,0,45
style.css,55,css,c426c238,Jackie Wang,2025-01-17,18:21:55,-08:00,2025-01-17T18:21:55-08:00,0,24
style.css,56,css,c426c238,Jackie Wang,2025-01-17,18:21:55,-08:00,2025-01-17T18:21:55-08:00,0,76
style.css,57,css,c426c238,Jackie Wang,2025-01-17,18:21:55,-08:00,2025-01-17T18:21:55-08:00,0,0
style.css,58,css,c426c238,Jackie Wang,2025-01-17,18:21:55,-08:00,2025-01-17T18:21:55-08:00,0,0
style.css,59,css,c426c238,Jackie Wang,2025-01-17,18:21:55,-08:00,2025-01-17T18:21:55-08:00,0,16
style.css,60,css,c426c238,Jackie Wang,2025-01-17,18:21:55,-08:00,2025-01-17T18:21:55-08:00,0,5
style.css,61,css,c426c238,Jackie Wang,2025-01-17,18:21:55,-08:00,2025-01-17T18:21:55-08:00,0,51
style.css,62,css,c426c238,Jackie Wang,2025-01-17,18:21:55,-08:00,2025-01-17T18:21:55-08:00,0,82
style.css,63,css,c426c238,Jackie Wang,2025-01-17,18:21:55,-08:00,2025-01-17T18:21:55-08:00,0,51
style.css,64,css,c426c238,Jackie Wang,2025-01-17,18:21:55,-08:00,2025-01-17T18:21:55-08:00,0,62
style.css,65,css,c426c238,Jackie Wang,2025-01-17,18:21:55,-08:00,2025-01-17T18:21:55-08:00,0,0
style.css,66,css,c426c238,Jackie Wang,2025-01-17,18:21:55,-08:00,2025-01-17T18:21:55-08:00,0,0
style.css,67,css,c426c238,Jackie Wang,2025-01-17,18:21:55,-08:00,2025-01-17T18:21:55-08:00,0,11
style.css,68,css,c426c238,Jackie Wang,2025-01-17,18:21:55,-08:00,2025-01-17T18:21:55-08:00,0,53
style.css,69,css,c426c238,Jackie Wang,2025-01-17,18:21:55,-08:00,2025-01-17T18:21:55-08:00,0,0
style.css,70,css,c426c238,Jackie Wang,2025-01-17,18:21:55,-08:00,2025-01-17T18:21:55-08:00,0,0
style.css,71,css,c426c238,Jackie Wang,2025-01-17,18:21:55,-08:00,2025-01-17T18:21:55-08:00,0,10
style.css,72,css,c426c238,Jackie Wang,2025-01-17,18:21:55,-08:00,2025-01-17T18:21:55-08:00,0,14
style.css,73,css,c426c238,Jackie Wang,2025-01-17,18:21:55,-08:00,2025-01-17T18:21:55-08:00,0,67
style.css,74,css,c426c238,Jackie Wang,2025-01-17,18:21:55,-08:00,2025-01-17T18:21:55-08:00,0,0
style.css,75,css,c426c238,Jackie Wang,2025-01-17,18:21:55,-08:00,2025-01-17T18:21:55-08:00,0,0
style.css,76,css,c426c238,Jackie Wang,2025-01-17,18:21:55,-08:00,2025-01-17T18:21:55-08:00,0,12
style.css,77,css,c426c238,Jackie Wang,2025-01-17,18:21:55,-08:00,2025-01-17T18:21:55-08:00,0,59
style.css,78,css,c426c238,Jackie Wang,2025-01-17,18:21:55,-08:00,2025-01-17T18:21:55-08:00,0,50
style.css,79,css,c426c238,Jackie Wang,2025-01-17,18:21:55,-08:00,2025-01-17T18:21:55-08:00,0,57
style.css,80,css,c426c238,Jackie Wang,2025-01-17,18:21:55,-08:00,2025-01-17T18:21:55-08:00,0,40
style.css,81,css,c426c238,Jackie Wang,2025-01-17,18:21:55,-08:00,2025-01-17T18:21:55-08:00,0,54
style.css,82,css,c426c238,Jackie Wang,2025-01-17,18:21:55,-08:00,2025-01-17T18:21:55-08:00,0,73
style.css,83,css,c426c238,Jackie Wang,2025-01-17,18:21:55,-08:00,2025-01-17T18:21:55-08:00,0,42
style.css,84,css,c426c238,Jackie Wang,2025-01-17,18:21:55,-08:00,2025-01-17T18:21:55-08:00,0,55
style.css,85,css,c426c238,Jackie Wang,2025-01-17,18:21:55,-08:00,2025-01-17T18:21:55-08:00,0,0
style.css,86,css,c426c238,Jackie Wang,2025-01-17,18:21:55,-08:00,2025-01-17T18:21:55-08:00,0,0
style.css,87,css,c426c238,Jackie Wang,2025-01-17,18:21:55,-08:00,2025-01-17T18:21:55-08:00,0,18
style.css,88,css,84c6df06,Jackie Wang,2025-01-20,18:47:24,-08:00,2025-01-20T18:47:24-08:00,0,70
style.css,89,css,c426c238,Jackie Wang,2025-01-17,18:21:55,-08:00,2025-01-17T18:21:55-08:00,0,0
style.css,90,css,c426c238,Jackie Wang,2025-01-17,18:21:55,-08:00,2025-01-17T18:21:55-08:00,0,0
style.css,91,css,c426c238,Jackie Wang,2025-01-17,18:21:55,-08:00,2025-01-17T18:21:55-08:00,0,23
style.css,92,css,c426c238,Jackie Wang,2025-01-17,18:21:55,-08:00,2025-01-17T18:21:55-08:00,0,10
style.css,93,css,c426c238,Jackie Wang,2025-01-17,18:21:55,-08:00,2025-01-17T18:21:55-08:00,0,13
style.css,94,css,c426c238,Jackie Wang,2025-01-17,18:21:55,-08:00,2025-01-17T18:21:55-08:00,0,59
style.css,95,css,c426c238,Jackie Wang,2025-01-17,18:21:55,-08:00,2025-01-17T18:21:55-08:00,0,8
style.css,96,css,c426c238,Jackie Wang,2025-01-17,18:21:55,-08:00,2025-01-17T18:21:55-08:00,0,12
style.css,97,css,c426c238,Jackie Wang,2025-01-17,18:21:55,-08:00,2025-01-17T18:21:55-08:00,0,0
style.css,98,css,c426c238,Jackie Wang,2025-01-17,18:21:55,-08:00,2025-01-17T18:21:55-08:00,0,0
style.css,99,css,c426c238,Jackie Wang,2025-01-17,18:21:55,-08:00,2025-01-17T18:21:55-08:00,0,19
style.css,100,css,c426c238,Jackie Wang,2025-01-17,18:21:55,-08:00,2025-01-17T18:21:55-08:00,0,18
style.css,101,css,c426c238,Jackie Wang,2025-01-17,18:21:55,-08:00,2025-01-17T18:21:55-08:00,0,13
style.css,102,css,c426c238,Jackie Wang,2025-01-17,18:21:55,-08:00,2025-01-17T18:21:55-08:00,0,27
style.css,103,css,c426c238,Jackie Wang,2025-01-17,18:21:55,-08:00,2025-01-17T18:21:55-08:00,0,16
style.css,104,css,c426c238,Jackie Wang,2025-01-17,18:21:55,-08:00,2025-01-17T18:21:55-08:00,0,8
style.css,105,css,c426c238,Jackie Wang,2025-01-17,18:21:55,-08:00,2025-01-17T18:21:55-08:00,0,22
style.css,106,css,c426c238,Jackie Wang,2025-01-17,18:21:55,-08:00,2025-01-17T18:21:55-08:00,0,18
style.css,107,css,c426c238,Jackie Wang,2025-01-17,18:21:55,-08:00,2025-01-17T18:21:55-08:00,0,12
style.css,108,css,c426c238,Jackie Wang,2025-01-17,18:21:55,-08:00,2025-01-17T18:21:55-08:00,0,40
style.css,109,css,84c6df06,Jackie Wang,2025-01-20,18:47:24,-08:00,2025-01-20T18:47:24-08:00,0,24
style.css,110,css,84c6df06,Jackie Wang,2025-01-20,18:47:24,-08:00,2025-01-20T18:47:24-08:00,0,17
style.css,111,css,c426c238,Jackie Wang,2025-01-17,18:21:55,-08:00,2025-01-17T18:21:55-08:00,0,0
style.css,112,css,c426c238,Jackie Wang,2025-01-17,18:21:55,-08:00,2025-01-17T18:21:55-08:00,0,0
style.css,113,css,c426c238,Jackie Wang,2025-01-17,18:21:55,-08:00,2025-01-17T18:21:55-08:00,0,17
style.css,114,css,c426c238,Jackie Wang,2025-01-17,18:21:55,-08:00,2025-01-17T18:21:55-08:00,0,14
style.css,115,css,c426c238,Jackie Wang,2025-01-17,18:21:55,-08:00,2025-01-17T18:21:55-08:00,0,15
style.css,116,css,c426c238,Jackie Wang,2025-01-17,18:21:55,-08:00,2025-01-17T18:21:55-08:00,0,12
style.css,117,css,c426c238,Jackie Wang,2025-01-17,18:21:55,-08:00,2025-01-17T18:21:55-08:00,0,14
style.css,118,css,c426c238,Jackie Wang,2025-01-17,18:21:55,-08:00,2025-01-17T18:21:55-08:00,0,20
style.css,119,css,c426c238,Jackie Wang,2025-01-17,18:21:55,-08:00,2025-01-17T18:21:55-08:00,0,0
style.css,120,css,c426c238,Jackie Wang,2025-01-17,18:21:55,-08:00,2025-01-17T18:21:55-08:00,0,0
style.css,121,css,c426c238,Jackie Wang,2025-01-17,18:21:55,-08:00,2025-01-17T18:21:55-08:00,0,19
style.css,122,css,c426c238,Jackie Wang,2025-01-17,18:21:55,-08:00,2025-01-17T18:21:55-08:00,0,23
style.css,123,css,c426c238,Jackie Wang,2025-01-17,18:21:55,-08:00,2025-01-17T18:21:55-08:00,0,16
style.css,124,css,c426c238,Jackie Wang,2025-01-17,18:21:55,-08:00,2025-01-17T18:21:55-08:00,0,18
style.css,125,css,c426c238,Jackie Wang,2025-01-17,18:21:55,-08:00,2025-01-17T18:21:55-08:00,0,0
style.css,126,css,c426c238,Jackie Wang,2025-01-17,18:21:55,-08:00,2025-01-17T18:21:55-08:00,0,0
style.css,127,css,c426c238,Jackie Wang,2025-01-17,18:21:55,-08:00,2025-01-17T18:21:55-08:00,0,13
style.css,128,css,c426c238,Jackie Wang,2025-01-17,18:21:55,-08:00,2025-01-17T18:21:55-08:00,0,17
style.css,129,css,c426c238,Jackie Wang,2025-01-17,18:21:55,-08:00,2025-01-17T18:21:55-08:00,0,9
style.css,130,css,c426c238,Jackie Wang,2025-01-17,18:21:55,-08:00,2025-01-17T18:21:55-08:00,0,0
style.css,131,css,c426c238,Jackie Wang,2025-01-17,18:21:55,-08:00,2025-01-17T18:21:55-08:00,0,0
style.css,132,css,c426c238,Jackie Wang,2025-01-17,18:21:55,-08:00,2025-01-17T18:21:55-08:00,0,21
style.css,133,css,c426c238,Jackie Wang,2025-01-17,18:21:55,-08:00,2025-01-17T18:21:55-08:00,0,12
style.css,134,css,c426c238,Jackie Wang,2025-01-17,18:21:55,-08:00,2025-01-17T18:21:55-08:00,0,9
style.css,135,css,c426c238,Jackie Wang,2025-01-17,18:21:55,-08:00,2025-01-17T18:21:55-08:00,0,0
style.css,136,css,84c6df06,Jackie Wang,2025-01-20,18:47:24,-08:00,2025-01-20T18:47:24-08:00,0,0
style.css,137,css,84c6df06,Jackie Wang,2025-01-20,18:47:24,-08:00,2025-01-20T18:47:24-08:00,0,23
style.css,138,css,84c6df06,Jackie Wang,2025-01-20,18:47:24,-08:00,2025-01-20T18:47:24-08:00,0,23
style.css,139,css,84c6df06,Jackie Wang,2025-01-20,18:47:24,-08:00,2025-01-20T18:47:24-08:00,0,14
style.css,140,css,84c6df06,Jackie Wang,2025-01-20,18:47:24,-08:00,2025-01-20T18:47:24-08:00,0,18
style.css,141,css,84c6df06,Jackie Wang,2025-01-20,18:47:24,-08:00,2025-01-20T18:47:24-08:00,0,11
style.css,142,css,84c6df06,Jackie Wang,2025-01-20,18:47:24,-08:00,2025-01-20T18:47:24-08:00,0,13
style.css,143,css,84c6df06,Jackie Wang,2025-01-20,18:47:24,-08:00,2025-01-20T18:47:24-08:00,0,23
style.css,144,css,84c6df06,Jackie Wang,2025-01-20,18:47:24,-08:00,2025-01-20T18:47:24-08:00,0,18
style.css,145,css,84c6df06,Jackie Wang,2025-01-20,18:47:24,-08:00,2025-01-20T18:47:24-08:00,0,24
style.css,146,css,84c6df06,Jackie Wang,2025-01-20,18:47:24,-08:00,2025-01-20T18:47:24-08:00,0,40
style.css,147,css,84c6df06,Jackie Wang,2025-01-20,18:47:24,-08:00,2025-01-20T18:47:24-08:00,0,13
style.css,148,css,84c6df06,Jackie Wang,2025-01-20,18:47:24,-08:00,2025-01-20T18:47:24-08:00,0,19
style.css,149,css,84c6df06,Jackie Wang,2025-01-20,18:47:24,-08:00,2025-01-20T18:47:24-08:00,0,12
style.css,150,css,84c6df06,Jackie Wang,2025-01-20,18:47:24,-08:00,2025-01-20T18:47:24-08:00,0,13
style.css,151,css,84c6df06,Jackie Wang,2025-01-20,18:47:24,-08:00,2025-01-20T18:47:24-08:00,0,18
style.css,152,css,84c6df06,Jackie Wang,2025-01-20,18:47:24,-08:00,2025-01-20T18:47:24-08:00,0,0
style.css,153,css,84c6df06,Jackie Wang,2025-01-20,18:47:24,-08:00,2025-01-20T18:47:24-08:00,0,0
style.css,154,css,84c6df06,Jackie Wang,2025-01-20,18:47:24,-08:00,2025-01-20T18:47:24-08:00,0,21
style.css,155,css,84c6df06,Jackie Wang,2025-01-20,18:47:24,-08:00,2025-01-20T18:47:24-08:00,0,16
style.css,156,css,84c6df06,Jackie Wang,2025-01-20,18:47:24,-08:00,2025-01-20T18:47:24-08:00,0,13
style.css,157,css,84c6df06,Jackie Wang,2025-01-20,18:47:24,-08:00,2025-01-20T18:47:24-08:00,0,57
style.css,158,css,84c6df06,Jackie Wang,2025-01-20,18:47:24,-08:00,2025-01-20T18:47:24-08:00,0,18
style.css,159,css,84c6df06,Jackie Wang,2025-01-20,18:47:24,-08:00,2025-01-20T18:47:24-08:00,0,24
style.css,160,css,84c6df06,Jackie Wang,2025-01-20,18:47:24,-08:00,2025-01-20T18:47:24-08:00,0,17
style.css,161,css,84c6df06,Jackie Wang,2025-01-20,18:47:24,-08:00,2025-01-20T18:47:24-08:00,0,15
style.css,162,css,84c6df06,Jackie Wang,2025-01-20,18:47:24,-08:00,2025-01-20T18:47:24-08:00,0,15
style.css,163,css,84c6df06,Jackie Wang,2025-01-20,18:47:24,-08:00,2025-01-20T18:47:24-08:00,0,16
style.css,164,css,84c6df06,Jackie Wang,2025-01-20,18:47:24,-08:00,2025-01-20T18:47:24-08:00,0,267
style.css,165,css,84c6df06,Jackie Wang,2025-01-20,18:47:24,-08:00,2025-01-20T18:47:24-08:00,0,28
style.css,166,css,84c6df06,Jackie Wang,2025-01-20,18:47:24,-08:00,2025-01-20T18:47:24-08:00,0,41
style.css,167,css,84c6df06,Jackie Wang,2025-01-20,18:47:24,-08:00,2025-01-20T18:47:24-08:00,0,21
style.css,168,css,84c6df06,Jackie Wang,2025-01-20,18:47:24,-08:00,2025-01-20T18:47:24-08:00,0,0
style.css,169,css,84c6df06,Jackie Wang,2025-01-20,18:47:24,-08:00,2025-01-20T18:47:24-08:00,0,0
style.css,170,css,84c6df06,Jackie Wang,2025-01-20,18:47:24,-08:00,2025-01-20T18:47:24-08:00,0,27
style.css,171,css,84c6df06,Jackie Wang,2025-01-20,18:47:24,-08:00,2025-01-20T18:47:24-08:00,0,33
style.css,172,css,84c6df06,Jackie Wang,2025-01-20,18:47:24,-08:00,2025-01-20T18:47:24-08:00,0,0
style.css,173,css,84c6df06,Jackie Wang,2025-01-20,18:47:24,-08:00,2025-01-20T18:47:24-08:00,0,0
style.css,174,css,84c6df06,Jackie Wang,2025-01-20,18:47:24,-08:00,2025-01-20T18:47:24-08:00,0,27
style.css,175,css,84c6df06,Jackie Wang,2025-01-20,18:47:24,-08:00,2025-01-20T18:47:24-08:00,0,13
style.css,176,css,84c6df06,Jackie Wang,2025-01-20,18:47:24,-08:00,2025-01-20T18:47:24-08:00,0,33
style.css,177,css,84c6df06,Jackie Wang,2025-01-20,18:47:24,-08:00,2025-01-20T18:47:24-08:00,0,52
style.css,178,css,84c6df06,Jackie Wang,2025-01-20,18:47:24,-08:00,2025-01-20T18:47:24-08:00,0,0
style.css,179,css,84c6df06,Jackie Wang,2025-01-20,18:47:24,-08:00,2025-01-20T18:47:24-08:00,0,0
style.css,180,css,84c6df06,Jackie Wang,2025-01-20,18:47:24,-08:00,2025-01-20T18:47:24-08:00,0,54
style.css,181,css,84c6df06,Jackie Wang,2025-01-20,18:47:24,-08:00,2025-01-20T18:47:24-08:00,0,21
style.css,182,css,84c6df06,Jackie Wang,2025-01-20,18:47:24,-08:00,2025-01-20T18:47:24-08:00,0,25
style.css,183,css,84c6df06,Jackie Wang,2025-01-20,18:47:24,-08:00,2025-01-20T18:47:24-08:00,0,0
style.css,184,css,e1418ce2,Jackie Wang,2025-01-31,00:07:36,-08:00,2025-01-31T00:07:36-08:00,0,0
style.css,185,css,e1418ce2,Jackie Wang,2025-01-31,00:07:36,-08:00,2025-01-31T00:07:36-08:00,0,0
style.css,186,css,e1418ce2,Jackie Wang,2025-01-31,00:07:36,-08:00,2025-01-31T00:07:36-08:00,0,16
style.css,187,css,87a53d13,Jackie Wang,2025-01-31,14:35:42,-08:00,2025-01-31T14:35:42-08:00,0,11
style.css,188,css,87a53d13,Jackie Wang,2025-01-31,14:35:42,-08:00,2025-01-31T14:35:42-08:00,0,18
style.css,189,css,87a53d13,Jackie Wang,2025-01-31,14:35:42,-08:00,2025-01-31T14:35:42-08:00,0,19
style.css,190,css,87a53d13,Jackie Wang,2025-01-31,14:35:42,-08:00,2025-01-31T14:35:42-08:00,0,40
style.css,191,css,e1418ce2,Jackie Wang,2025-01-31,00:07:36,-08:00,2025-01-31T00:07:36-08:00,0,0
style.css,192,css,e1418ce2,Jackie Wang,2025-01-31,00:07:36,-08:00,2025-01-31T00:07:36-08:00,0,0
style.css,193,css,e1418ce2,Jackie Wang,2025-01-31,00:07:36,-08:00,2025-01-31T00:07:36-08:00,0,18
style.css,194,css,e1418ce2,Jackie Wang,2025-01-31,00:07:36,-08:00,2025-01-31T00:07:36-08:00,0,13
style.css,195,css,e1418ce2,Jackie Wang,2025-01-31,00:07:36,-08:00,2025-01-31T00:07:36-08:00,0,37
style.css,196,css,87a53d13,Jackie Wang,2025-01-31,14:35:42,-08:00,2025-01-31T14:35:42-08:00,0,0
style.css,197,css,e1418ce2,Jackie Wang,2025-01-31,00:07:36,-08:00,2025-01-31T00:07:36-08:00,0,0
style.css,198,css,e1418ce2,Jackie Wang,2025-01-31,00:07:36,-08:00,2025-01-31T00:07:36-08:00,0,0
style.css,199,css,e1418ce2,Jackie Wang,2025-01-31,00:07:36,-08:00,2025-01-31T00:07:36-08:00,0,18
style.css,200,css,87a53d13,Jackie Wang,2025-01-31,14:35:42,-08:00,2025-01-31T14:35:42-08:00,0,17
style.css,201,css,87a53d13,Jackie Wang,2025-01-31,14:35:42,-08:00,2025-01-31T14:35:42-08:00,0,11
style.css,202,css,e1418ce2,Jackie Wang,2025-01-31,00:07:36,-08:00,2025-01-31T00:07:36-08:00,0,0
style.css,203,css,e1418ce2,Jackie Wang,2025-01-31,00:07:36,-08:00,2025-01-31T00:07:36-08:00,0,0
style.css,204,css,e1418ce2,Jackie Wang,2025-01-31,00:07:36,-08:00,2025-01-31T00:07:36-08:00,0,18
style.css,205,css,87a53d13,Jackie Wang,2025-01-31,14:35:42,-08:00,2025-01-31T14:35:42-08:00,0,17
style.css,206,css,87a53d13,Jackie Wang,2025-01-31,14:35:42,-08:00,2025-01-31T14:35:42-08:00,0,11
style.css,207,css,87a53d13,Jackie Wang,2025-01-31,14:35:42,-08:00,2025-01-31T14:35:42-08:00,0,18
style.css,208,css,87a53d13,Jackie Wang,2025-01-31,14:35:42,-08:00,2025-01-31T14:35:42-08:00,0,0
style.css,209,css,9225bbc0,Jackie Wang,2025-02-06,18:53:58,-08:00,2025-02-06T18:53:58-08:00,0,0
style.css,210,css,9225bbc0,Jackie Wang,2025-02-06,18:53:58,-08:00,2025-02-06T18:53:58-08:00,0,0
style.css,211,css,9225bbc0,Jackie Wang,2025-02-06,18:53:58,-08:00,2025-02-06T18:53:58-08:00,0,14
style.css,212,css,9225bbc0,Jackie Wang,2025-02-06,18:53:58,-08:00,2025-02-06T18:53:58-08:00,0,31
style.css,213,css,9225bbc0,Jackie Wang,2025-02-06,18:53:58,-08:00,2025-02-06T18:53:58-08:00,0,35
style.css,214,css,9225bbc0,Jackie Wang,2025-02-06,18:53:58,-08:00,2025-02-06T18:53:58-08:00,0,17
style.css,215,css,94c9d776,Jackie Wang,2025-02-06,20:13:36,-08:00,2025-02-06T20:13:36-08:00,0,0
style.css,216,css,94c9d776,Jackie Wang,2025-02-06,20:13:36,-08:00,2025-02-06T20:13:36-08:00,0,0
style.css,217,css,94c9d776,Jackie Wang,2025-02-06,20:13:36,-08:00,2025-02-06T20:13:36-08:00,0,37
style.css,218,css,94c9d776,Jackie Wang,2025-02-06,20:13:36,-08:00,2025-02-06T20:13:36-08:00,0,15
style.css,219,css,94c9d776,Jackie Wang,2025-02-06,20:13:36,-08:00,2025-02-06T20:13:36-08:00,0,13
style.css,220,css,94c9d776,Jackie Wang,2025-02-06,20:13:36,-08:00,2025-02-06T20:13:36-08:00,0,65
style.css,221,css,94c9d776,Jackie Wang,2025-02-06,20:13:36,-08:00,2025-02-06T20:13:36-08:00,0,70
style.css,222,css,94c9d776,Jackie Wang,2025-02-06,20:13:36,-08:00,2025-02-06T20:13:36-08:00,0,65
style.css,223,css,94c9d776,Jackie Wang,2025-02-06,20:13:36,-08:00,2025-02-06T20:13:36-08:00,0,80
style.css,224,css,94c9d776,Jackie Wang,2025-02-06,20:13:36,-08:00,2025-02-06T20:13:36-08:00,0,43
style.css,225,css,94c9d776,Jackie Wang,2025-02-06,20:13:36,-08:00,2025-02-06T20:13:36-08:00,0,57
style.css,226,css,94c9d776,Jackie Wang,2025-02-06,20:13:36,-08:00,2025-02-06T20:13:36-08:00,0,0
style.css,227,css,94c9d776,Jackie Wang,2025-02-06,20:13:36,-08:00,2025-02-06T20:13:36-08:00,0,0
style.css,228,css,94c9d776,Jackie Wang,2025-02-06,20:13:36,-08:00,2025-02-06T20:13:36-08:00,0,31
style.css,229,css,94c9d776,Jackie Wang,2025-02-06,20:13:36,-08:00,2025-02-06T20:13:36-08:00,0,19
style.css,230,css,94c9d776,Jackie Wang,2025-02-06,20:13:36,-08:00,2025-02-06T20:13:36-08:00,0,54
style.css,231,css,94c9d776,Jackie Wang,2025-02-06,20:13:36,-08:00,2025-02-06T20:13:36-08:00,0,53
style.css,232,css,94c9d776,Jackie Wang,2025-02-06,20:13:36,-08:00,2025-02-06T20:13:36-08:00,0,69
style.css,233,css,94c9d776,Jackie Wang,2025-02-06,20:13:36,-08:00,2025-02-06T20:13:36-08:00,0,70
style.css,234,css,94c9d776,Jackie Wang,2025-02-06,20:13:36,-08:00,2025-02-06T20:13:36-08:00,0,0
style.css,235,css,94c9d776,Jackie Wang,2025-02-06,20:13:36,-08:00,2025-02-06T20:13:36-08:00,0,0
style.css,236,css,94c9d776,Jackie Wang,2025-02-06,20:13:36,-08:00,2025-02-06T20:13:36-08:00,0,24
style.css,237,css,94c9d776,Jackie Wang,2025-02-06,20:13:36,-08:00,2025-02-06T20:13:36-08:00,0,8
style.css,238,css,94c9d776,Jackie Wang,2025-02-06,20:13:36,-08:00,2025-02-06T20:13:36-08:00,0,7
style.css,239,css,94c9d776,Jackie Wang,2025-02-06,20:13:36,-08:00,2025-02-06T20:13:36-08:00,0,13
style.css,240,css,94c9d776,Jackie Wang,2025-02-06,20:13:36,-08:00,2025-02-06T20:13:36-08:00,0,79
style.css,241,css,94c9d776,Jackie Wang,2025-02-06,20:13:36,-08:00,2025-02-06T20:13:36-08:00,0,40
style.css,242,css,94c9d776,Jackie Wang,2025-02-06,20:13:36,-08:00,2025-02-06T20:13:36-08:00,0,68
style.css,243,css,94c9d776,Jackie Wang,2025-02-06,20:13:36,-08:00,2025-02-06T20:13:36-08:00,0,44
style.css,244,css,94c9d776,Jackie Wang,2025-02-06,20:13:36,-08:00,2025-02-06T20:13:36-08:00,0,87
style.css,245,css,94c9d776,Jackie Wang,2025-02-06,20:13:36,-08:00,2025-02-06T20:13:36-08:00,0,60
style.css,246,css,94c9d776,Jackie Wang,2025-02-06,20:13:36,-08:00,2025-02-06T20:13:36-08:00,0,85
style.css,247,css,94c9d776,Jackie Wang,2025-02-06,20:13:36,-08:00,2025-02-06T20:13:36-08:00,0,0
style.css,248,css,94c9d776,Jackie Wang,2025-02-06,20:13:36,-08:00,2025-02-06T20:13:36-08:00,0,0
style.css,249,css,94c9d776,Jackie Wang,2025-02-06,20:13:36,-08:00,2025-02-06T20:13:36-08:00,0,30
style.css,250,css,94c9d776,Jackie Wang,2025-02-06,20:13:36,-08:00,2025-02-06T20:13:36-08:00,0,13
style.css,251,css,94c9d776,Jackie Wang,2025-02-06,20:13:36,-08:00,2025-02-06T20:13:36-08:00,0,13
style.css,252,css,94c9d776,Jackie Wang,2025-02-06,20:13:36,-08:00,2025-02-06T20:13:36-08:00,0,19
style.css,253,css,94c9d776,Jackie Wang,2025-02-06,20:13:36,-08:00,2025-02-06T20:13:36-08:00,0,63
style.css,254,css,94c9d776,Jackie Wang,2025-02-06,20:13:36,-08:00,2025-02-06T20:13:36-08:00,0,51
style.css,255,css,94c9d776,Jackie Wang,2025-02-06,20:13:36,-08:00,2025-02-06T20:13:36-08:00,0,42
style.css,256,css,94c9d776,Jackie Wang,2025-02-06,20:13:36,-08:00,2025-02-06T20:13:36-08:00,0,59
style.css,257,css,1cd91353,Jackie Wang,2025-02-08,11:14:11,-08:00,2025-02-08T11:14:11-08:00,0,15
style.css,258,css,94c9d776,Jackie Wang,2025-02-06,20:13:36,-08:00,2025-02-06T20:13:36-08:00,0,0
style.css,259,css,94c9d776,Jackie Wang,2025-02-06,20:13:36,-08:00,2025-02-06T20:13:36-08:00,0,0
style.css,260,css,94c9d776,Jackie Wang,2025-02-06,20:13:36,-08:00,2025-02-06T20:13:36-08:00,0,19
style.css,261,css,94c9d776,Jackie Wang,2025-02-06,20:13:36,-08:00,2025-02-06T20:13:36-08:00,0,92
style.css,262,css,94c9d776,Jackie Wang,2025-02-06,20:13:36,-08:00,2025-02-06T20:13:36-08:00,0,0
style.css,263,css,94c9d776,Jackie Wang,2025-02-06,20:13:36,-08:00,2025-02-06T20:13:36-08:00,0,0
style.css,264,css,1cd91353,Jackie Wang,2025-02-08,11:14:11,-08:00,2025-02-08T11:14:11-08:00,0,34
style.css,265,css,1cd91353,Jackie Wang,2025-02-08,11:14:11,-08:00,2025-02-08T11:14:11-08:00,0,66
style.css,266,css,1cd91353,Jackie Wang,2025-02-08,11:14:11,-08:00,2025-02-08T11:14:11-08:00,0,0
style.css,267,css,1cd91353,Jackie Wang,2025-02-08,11:14:11,-08:00,2025-02-08T11:14:11-08:00,0,0
style.css,268,css,94c9d776,Jackie Wang,2025-02-06,20:13:36,-08:00,2025-02-06T20:13:36-08:00,0,24
style.css,269,css,94c9d776,Jackie Wang,2025-02-06,20:13:36,-08:00,2025-02-06T20:13:36-08:00,0,21
style.css,270,css,94c9d776,Jackie Wang,2025-02-06,20:13:36,-08:00,2025-02-06T20:13:36-08:00,0,21
style.css,271,css,94c9d776,Jackie Wang,2025-02-06,20:13:36,-08:00,2025-02-06T20:13:36-08:00,0,49
style.css,272,css,94c9d776,Jackie Wang,2025-02-06,20:13:36,-08:00,2025-02-06T20:13:36-08:00,0,14
style.css,273,css,94c9d776,Jackie Wang,2025-02-06,20:13:36,-08:00,2025-02-06T20:13:36-08:00,0,30
style.css,274,css,94c9d776,Jackie Wang,2025-02-06,20:13:36,-08:00,2025-02-06T20:13:36-08:00,0,18
style.css,275,css,94c9d776,Jackie Wang,2025-02-06,20:13:36,-08:00,2025-02-06T20:13:36-08:00,0,72
style.css,276,css,94c9d776,Jackie Wang,2025-02-06,20:13:36,-08:00,2025-02-06T20:13:36-08:00,0,0
style.css,277,css,94c9d776,Jackie Wang,2025-02-06,20:13:36,-08:00,2025-02-06T20:13:36-08:00,0,0
style.css,278,css,94c9d776,Jackie Wang,2025-02-06,20:13:36,-08:00,2025-02-06T20:13:36-08:00,0,23
style.css,279,css,94c9d776,Jackie Wang,2025-02-06,20:13:36,-08:00,2025-02-06T20:13:36-08:00,0,26
style.css,280,css,94c9d776,Jackie Wang,2025-02-06,20:13:36,-08:00,2025-02-06T20:13:36-08:00,0,15
style.css,281,css,94c9d776,Jackie Wang,2025-02-06,20:13:36,-08:00,2025-02-06T20:13:36-08:00,0,22
style.css,282,css,94c9d776,Jackie Wang,2025-02-06,20:13:36,-08:00,2025-02-06T20:13:36-08:00,0,19
style.css,283,css,94c9d776,Jackie Wang,2025-02-06,20:13:36,-08:00,2025-02-06T20:13:36-08:00,0,8
style.css,284,css,94c9d776,Jackie Wang,2025-02-06,20:13:36,-08:00,2025-02-06T20:13:36-08:00,0,0
style.css,285,css,94c9d776,Jackie Wang,2025-02-06,20:13:36,-08:00,2025-02-06T20:13:36-08:00,0,0
style.css,286,css,94c9d776,Jackie Wang,2025-02-06,20:13:36,-08:00,2025-02-06T20:13:36-08:00,0,19
style.css,287,css,94c9d776,Jackie Wang,2025-02-06,20:13:36,-08:00,2025-02-06T20:13:36-08:00,0,15
style.css,288,css,94c9d776,Jackie Wang,2025-02-06,20:13:36,-08:00,2025-02-06T20:13:36-08:00,0,0
style.css,289,css,94c9d776,Jackie Wang,2025-02-06,20:13:36,-08:00,2025-02-06T20:13:36-08:00,0,0
style.css,290,css,94c9d776,Jackie Wang,2025-02-06,20:13:36,-08:00,2025-02-06T20:13:36-08:00,0,8
style.css,291,css,94c9d776,Jackie Wang,2025-02-06,20:13:36,-08:00,2025-02-06T20:13:36-08:00,0,11
style.css,292,css,94c9d776,Jackie Wang,2025-02-06,20:13:36,-08:00,2025-02-06T20:13:36-08:00,0,58
style.css,293,css,94c9d776,Jackie Wang,2025-02-06,20:13:36,-08:00,2025-02-06T20:13:36-08:00,0,0
style.css,294,css,1cd91353,Jackie Wang,2025-02-08,11:14:11,-08:00,2025-02-08T11:14:11-08:00,0,0
style.css,295,css,1cd91353,Jackie Wang,2025-02-08,11:14:11,-08:00,2025-02-08T11:14:11-08:00,0,0
style.css,296,css,1cd91353,Jackie Wang,2025-02-08,11:14:11,-08:00,2025-02-08T11:14:11-08:00,0,10
style.css,297,css,5afdbb57,Jackie Wang,2025-02-08,11:47:00,-08:00,2025-02-08T11:47:00-08:00,0,33
style.css,298,css,1cd91353,Jackie Wang,2025-02-08,11:14:11,-08:00,2025-02-08T11:14:11-08:00,0,0
style.css,299,css,1cd91353,Jackie Wang,2025-02-08,11:14:11,-08:00,2025-02-08T11:14:11-08:00,0,0
style.css,300,css,5afdbb57,Jackie Wang,2025-02-08,11:47:00,-08:00,2025-02-08T11:47:00-08:00,0,13
style.css,301,css,5afdbb57,Jackie Wang,2025-02-08,11:47:00,-08:00,2025-02-08T11:47:00-08:00,0,15
style.css,302,css,5afdbb57,Jackie Wang,2025-02-08,11:47:00,-08:00,2025-02-08T11:47:00-08:00,0,13
style.css,303,css,5afdbb57,Jackie Wang,2025-02-08,11:47:00,-08:00,2025-02-08T11:47:00-08:00,0,19
style.css,304,css,5afdbb57,Jackie Wang,2025-02-08,11:47:00,-08:00,2025-02-08T11:47:00-08:00,0,10
style.css,305,css,1cd91353,Jackie Wang,2025-02-08,11:14:11,-08:00,2025-02-08T11:14:11-08:00,0,0
style.css,306,css,1cd91353,Jackie Wang,2025-02-08,11:14:11,-08:00,2025-02-08T11:14:11-08:00,0,0
style.css,307,css,5afdbb57,Jackie Wang,2025-02-08,11:47:00,-08:00,2025-02-08T11:47:00-08:00,0,21
style.css,308,css,5afdbb57,Jackie Wang,2025-02-08,11:47:00,-08:00,2025-02-08T11:47:00-08:00,0,21
style.css,309,css,5afdbb57,Jackie Wang,2025-02-08,11:47:00,-08:00,2025-02-08T11:47:00-08:00,0,10
style.css,310,css,5afdbb57,Jackie Wang,2025-02-08,11:47:00,-08:00,2025-02-08T11:47:00-08:00,0,11
style.css,311,css,5afdbb57,Jackie Wang,2025-02-08,11:47:00,-08:00,2025-02-08T11:47:00-08:00,0,18
style.css,312,css,5afdbb57,Jackie Wang,2025-02-08,11:47:00,-08:00,2025-02-08T11:47:00-08:00,0,33
style.css,313,css,1cd91353,Jackie Wang,2025-02-08,11:14:11,-08:00,2025-02-08T11:14:11-08:00,0,0
style.css,314,css,1cd91353,Jackie Wang,2025-02-08,11:14:11,-08:00,2025-02-08T11:14:11-08:00,0,0
style.css,315,css,1cd91353,Jackie Wang,2025-02-08,11:14:11,-08:00,2025-02-08T11:14:11-08:00,0,24
style.css,316,css,1cd91353,Jackie Wang,2025-02-08,11:14:11,-08:00,2025-02-08T11:14:11-08:00,0,25
style.css,317,css,1cd91353,Jackie Wang,2025-02-08,11:14:11,-08:00,2025-02-08T11:14:11-08:00,0,15
style.css,318,css,1cd91353,Jackie Wang,2025-02-08,11:14:11,-08:00,2025-02-08T11:14:11-08:00,0,0
style.css,319,css,1cd91353,Jackie Wang,2025-02-08,11:14:11,-08:00,2025-02-08T11:14:11-08:00,0,0
style.css,320,css,5afdbb57,Jackie Wang,2025-02-08,11:47:00,-08:00,2025-02-08T11:47:00-08:00,0,52
style.css,321,css,1cd91353,Jackie Wang,2025-02-08,11:14:11,-08:00,2025-02-08T11:14:11-08:00,0,12
style.css,322,css,5afdbb57,Jackie Wang,2025-02-08,11:47:00,-08:00,2025-02-08T11:47:00-08:00,0,0
index.js,1,js,e1418ce2,Jackie Wang,2025-01-31,00:07:36,-08:00,2025-01-31T00:07:36-08:00,0,26
index.js,2,js,e1418ce2,Jackie Wang,2025-01-31,00:07:36,-08:00,2025-01-31T00:07:36-08:00,0,72
index.js,3,js,e1418ce2,Jackie Wang,2025-01-31,00:07:36,-08:00,2025-01-31T00:07:36-08:00,0,0
index.js,4,js,e1418ce2,Jackie Wang,2025-01-31,00:07:36,-08:00,2025-01-31T00:07:36-08:00,0,27
index.js,5,js,e1418ce2,Jackie Wang,2025-01-31,00:07:36,-08:00,2025-01-31T00:07:36-08:00,0,55
index.js,6,js,e1418ce2,Jackie Wang,2025-01-31,00:07:36,-08:00,2025-01-31T00:07:36-08:00,0,43
index.js,7,js,e1418ce2,Jackie Wang,2025-01-31,00:07:36,-08:00,2025-01-31T00:07:36-08:00,0,61
index.js,8,js,e1418ce2,Jackie Wang,2025-01-31,00:07:36,-08:00,2025-01-31T00:07:36-08:00,0,34
index.js,9,js,e1418ce2,Jackie Wang,2025-01-31,00:07:36,-08:00,2025-01-31T00:07:36-08:00,0,48
index.js,10,js,e1418ce2,Jackie Wang,2025-01-31,00:07:36,-08:00,2025-01-31T00:07:36-08:00,0,2
index.js,11,js,e1418ce2,Jackie Wang,2025-01-31,00:07:36,-08:00,2025-01-31T00:07:36-08:00,0,0
index.js,12,js,e1418ce2,Jackie Wang,2025-01-31,00:07:36,-08:00,2025-01-31T00:07:36-08:00,0,23
index.js,13,js,e1418ce2,Jackie Wang,2025-01-31,00:07:36,-08:00,2025-01-31T00:07:36-08:00,0,61
index.js,14,js,e1418ce2,Jackie Wang,2025-01-31,00:07:36,-08:00,2025-01-31T00:07:36-08:00,0,0
index.js,15,js,e1418ce2,Jackie Wang,2025-01-31,00:07:36,-08:00,2025-01-31T00:07:36-08:00,0,58
index.js,16,js,e1418ce2,Jackie Wang,2025-01-31,00:07:36,-08:00,2025-01-31T00:07:36-08:00,0,50
index.js,17,js,e1418ce2,Jackie Wang,2025-01-31,00:07:36,-08:00,2025-01-31T00:07:36-08:00,0,0
index.js,18,js,e1418ce2,Jackie Wang,2025-01-31,00:07:36,-08:00,2025-01-31T00:07:36-08:00,0,32
index.js,19,js,e1418ce2,Jackie Wang,2025-01-31,00:07:36,-08:00,2025-01-31T00:07:36-08:00,0,25
index.js,20,js,e1418ce2,Jackie Wang,2025-01-31,00:07:36,-08:00,2025-01-31T00:07:36-08:00,0,3
index.js,21,js,e1418ce2,Jackie Wang,2025-01-31,00:07:36,-08:00,2025-01-31T00:07:36-08:00,0,56
index.js,22,js,e1418ce2,Jackie Wang,2025-01-31,00:07:36,-08:00,2025-01-31T00:07:36-08:00,0,56
index.js,23,js,e1418ce2,Jackie Wang,2025-01-31,00:07:36,-08:00,2025-01-31T00:07:36-08:00,0,50
index.js,24,js,e1418ce2,Jackie Wang,2025-01-31,00:07:36,-08:00,2025-01-31T00:07:36-08:00,0,50
index.js,25,js,e1418ce2,Jackie Wang,2025-01-31,00:07:36,-08:00,2025-01-31T00:07:36-08:00,0,4
index.js,26,js,e1418ce2,Jackie Wang,2025-01-31,00:07:36,-08:00,2025-01-31T00:07:36-08:00,0,1
index.js,27,js,e1418ce2,Jackie Wang,2025-01-31,00:07:36,-08:00,2025-01-31T00:07:36-08:00,0,0
index.html,1,html,980e0a1d,Jackie Wang,2025-01-10,14:42:02,-08:00,2025-01-10T14:42:02-08:00,0,14
index.html,2,html,e126a2cb,Jackie Wang,2025-01-24,11:16:31,-08:00,2025-01-24T11:16:31-08:00,0,25
index.html,3,html,980e0a1d,Jackie Wang,2025-01-10,14:42:02,-08:00,2025-01-10T14:42:02-08:00,0,15
index.html,4,html,980e0a1d,Jackie Wang,2025-01-10,14:42:02,-08:00,2025-01-10T14:42:02-08:00,0,5
index.html,5,html,980e0a1d,Jackie Wang,2025-01-10,14:42:02,-08:00,2025-01-10T14:42:02-08:00,0,21
index.html,6,html,980e0a1d,Jackie Wang,2025-01-10,14:42:02,-08:00,2025-01-10T14:42:02-08:00,0,69
index.html,7,html,980e0a1d,Jackie Wang,2025-01-10,14:42:02,-08:00,2025-01-10T14:42:02-08:00,0,54
index.html,8,html,348c1107,Jackie Wang,2025-01-10,15:35:25,-08:00,2025-01-10T15:35:25-08:00,0,39
index.html,9,html,e1418ce2,Jackie Wang,2025-01-31,00:07:36,-08:00,2025-01-31T00:07:36-08:00,0,55
index.html,10,html,980e0a1d,Jackie Wang,2025-01-10,14:42:02,-08:00,2025-01-10T14:42:02-08:00,0,6
index.html,11,html,980e0a1d,Jackie Wang,2025-01-10,14:42:02,-08:00,2025-01-10T14:42:02-08:00,0,5
index.html,12,html,5dc9fd8d,Jackie Wang,2025-01-10,18:59:51,-08:00,2025-01-10T18:59:51-08:00,0,0
index.html,13,html,348c1107,Jackie Wang,2025-01-10,15:35:25,-08:00,2025-01-10T15:35:25-08:00,0,19
index.html,14,html,348c1107,Jackie Wang,2025-01-10,15:35:25,-08:00,2025-01-10T15:35:25-08:00,0,272
index.html,15,html,348c1107,Jackie Wang,2025-01-10,15:35:25,-08:00,2025-01-10T15:35:25-08:00,0,149
index.html,16,html,e1418ce2,Jackie Wang,2025-01-31,00:07:36,-08:00,2025-01-31T00:07:36-08:00,0,0
index.html,17,html,e1418ce2,Jackie Wang,2025-01-31,00:07:36,-08:00,2025-01-31T00:07:36-08:00,0,23
index.html,18,html,e1418ce2,Jackie Wang,2025-01-31,00:07:36,-08:00,2025-01-31T00:07:36-08:00,0,21
index.html,19,html,e1418ce2,Jackie Wang,2025-01-31,00:07:36,-08:00,2025-01-31T00:07:36-08:00,0,50
index.html,20,html,e1418ce2,Jackie Wang,2025-01-31,00:07:36,-08:00,2025-01-31T00:07:36-08:00,0,5
index.html,21,html,e1418ce2,Jackie Wang,2025-01-31,00:07:36,-08:00,2025-01-31T00:07:36-08:00,0,0
index.html,22,html,e1418ce2,Jackie Wang,2025-01-31,00:07:36,-08:00,2025-01-31T00:07:36-08:00,0,58
index.html,23,html,e1418ce2,Jackie Wang,2025-01-31,00:07:36,-08:00,2025-01-31T00:07:36-08:00,0,22
index.html,24,html,e1418ce2,Jackie Wang,2025-01-31,00:07:36,-08:00,2025-01-31T00:07:36-08:00,0,20
index.html,25,html,e1418ce2,Jackie Wang,2025-01-31,00:07:36,-08:00,2025-01-31T00:07:36-08:00,0,23
index.html,26,html,e1418ce2,Jackie Wang,2025-01-31,00:07:36,-08:00,2025-01-31T00:07:36-08:00,0,40
index.html,27,html,e1418ce2,Jackie Wang,2025-01-31,00:07:36,-08:00,2025-01-31T00:07:36-08:00,0,5
index.html,28,html,e1418ce2,Jackie Wang,2025-01-31,00:07:36,-08:00,2025-01-31T00:07:36-08:00,0,5
index.html,29,html,e1418ce2,Jackie Wang,2025-01-31,00:07:36,-08:00,2025-01-31T00:07:36-08:00,0,0
index.html,30,html,e1418ce2,Jackie Wang,2025-01-31,00:07:36,-08:00,2025-01-31T00:07:36-08:00,0,46
index.html,31,html,e1418ce2,Jackie Wang,2025-01-31,00:07:36,-08:00,2025-01-31T00:07:36-08:00,0,51
index.html,32,html,980e0a1d,Jackie Wang,2025-01-10,14:42:02,-08:00,2025-01-10T14:42:02-08:00,0,6
index.html,33,html,980e0a1d,Jackie Wang,2025-01-10,14:42:02,-08:00,2025-01-10T14:42:02-08:00,0,6
global.js,1,js,84c6df06,Jackie Wang,2025-01-20,18:47:24,-08:00,2025-01-20T18:47:24-08:00,0,29
global.js,2,js,84c6df06,Jackie Wang,2025-01-20,18:47:24,-08:00,2025-01-20T18:47:24-08:00,0,0
global.js,3,js,84c6df06,Jackie Wang,2025-01-20,18:47:24,-08:00,2025-01-20T18:47:24-08:00,0,45
global.js,4,js,84c6df06,Jackie Wang,2025-01-20,18:47:24,-08:00,2025-01-20T18:47:24-08:00,0,58
global.js,5,js,84c6df06,Jackie Wang,2025-01-20,18:47:24,-08:00,2025-01-20T18:47:24-08:00,0,3
global.js,6,js,84c6df06,Jackie Wang,2025-01-20,18:47:24,-08:00,2025-01-20T18:47:24-08:00,0,0
global.js,7,js,84c6df06,Jackie Wang,2025-01-20,18:47:24,-08:00,2025-01-20T18:47:24-08:00,0,40
global.js,8,js,84c6df06,Jackie Wang,2025-01-20,18:47:24,-08:00,2025-01-20T18:47:24-08:00,0,31
global.js,9,js,84c6df06,Jackie Wang,2025-01-20,18:47:24,-08:00,2025-01-20T18:47:24-08:00,0,24
global.js,10,js,84c6df06,Jackie Wang,2025-01-20,18:47:24,-08:00,2025-01-20T18:47:24-08:00,0,0
global.js,11,js,84c6df06,Jackie Wang,2025-01-20,18:47:24,-08:00,2025-01-20T18:47:24-08:00,0,31
global.js,12,js,84c6df06,Jackie Wang,2025-01-20,18:47:24,-08:00,2025-01-20T18:47:24-08:00,0,34
global.js,13,js,84c6df06,Jackie Wang,2025-01-20,18:47:24,-08:00,2025-01-20T18:47:24-08:00,0,73
global.js,14,js,84c6df06,Jackie Wang,2025-01-20,18:47:24,-08:00,2025-01-20T18:47:24-08:00,0,6
global.js,15,js,84c6df06,Jackie Wang,2025-01-20,18:47:24,-08:00,2025-01-20T18:47:24-08:00,0,29
global.js,16,js,84c6df06,Jackie Wang,2025-01-20,18:47:24,-08:00,2025-01-20T18:47:24-08:00,0,0
global.js,17,js,84c6df06,Jackie Wang,2025-01-20,18:47:24,-08:00,2025-01-20T18:47:24-08:00,0,44
global.js,18,js,84c6df06,Jackie Wang,2025-01-20,18:47:24,-08:00,2025-01-20T18:47:24-08:00,0,39
global.js,19,js,84c6df06,Jackie Wang,2025-01-20,18:47:24,-08:00,2025-01-20T18:47:24-08:00,0,0
global.js,20,js,84c6df06,Jackie Wang,2025-01-20,18:47:24,-08:00,2025-01-20T18:47:24-08:00,0,12
global.js,21,js,5a34e24d,Jackie Wang,2025-01-22,20:41:53,-08:00,2025-01-22T20:41:53-08:00,0,26
global.js,22,js,6cb08c6a,Jackie Wang,2025-01-22,20:41:07,-08:00,2025-01-22T20:41:07-08:00,0,39
global.js,23,js,5a34e24d,Jackie Wang,2025-01-22,20:41:53,-08:00,2025-01-22T20:41:53-08:00,0,37
global.js,24,js,00000000,Not Committed Yet,2025-02-10,19:11:10,-08:00,2025-02-10T19:11:10-08:00,0,35
global.js,25,js,00000000,Not Committed Yet,2025-02-10,19:11:10,-08:00,2025-02-10T19:11:10-08:00,0,31
global.js,26,js,84c6df06,Jackie Wang,2025-01-20,18:47:24,-08:00,2025-01-20T18:47:24-08:00,0,53
global.js,27,js,a0195abe,Jackie Wang,2025-01-22,20:10:55,-08:00,2025-01-22T20:10:55-08:00,0,1
global.js,28,js,ee480c12,Jackie Wang,2025-01-22,20:14:58,-08:00,2025-01-22T20:14:58-08:00,0,0
global.js,29,js,8e177c6a,Jackie Wang,2025-01-22,20:03:30,-08:00,2025-01-22T20:03:30-08:00,0,23
global.js,30,js,8e177c6a,Jackie Wang,2025-01-22,20:03:30,-08:00,2025-01-22T20:03:30-08:00,0,39
global.js,31,js,8e177c6a,Jackie Wang,2025-01-22,20:03:30,-08:00,2025-01-22T20:03:30-08:00,0,26
global.js,32,js,8e177c6a,Jackie Wang,2025-01-22,20:03:30,-08:00,2025-01-22T20:03:30-08:00,0,0
global.js,33,js,8e177c6a,Jackie Wang,2025-01-22,20:03:30,-08:00,2025-01-22T20:03:30-08:00,0,35
global.js,34,js,8e177c6a,Jackie Wang,2025-01-22,20:03:30,-08:00,2025-01-22T20:03:30-08:00,0,71
global.js,35,js,8e177c6a,Jackie Wang,2025-01-22,20:03:30,-08:00,2025-01-22T20:03:30-08:00,0,0
global.js,36,js,8e177c6a,Jackie Wang,2025-01-22,20:03:30,-08:00,2025-01-22T20:03:30-08:00,0,34
global.js,37,js,8e177c6a,Jackie Wang,2025-01-22,20:03:30,-08:00,2025-01-22T20:03:30-08:00,0,21
global.js,38,js,5a34e24d,Jackie Wang,2025-01-22,20:41:53,-08:00,2025-01-22T20:41:53-08:00,0,15
global.js,39,js,5a34e24d,Jackie Wang,2025-01-22,20:41:53,-08:00,2025-01-22T20:41:53-08:00,0,19
global.js,40,js,8e177c6a,Jackie Wang,2025-01-22,20:03:30,-08:00,2025-01-22T20:03:30-08:00,0,0
global.js,41,js,5a34e24d,Jackie Wang,2025-01-22,20:41:53,-08:00,2025-01-22T20:41:53-08:00,0,63
global.js,42,js,4c0a8df0,Jackie Wang,2025-01-24,11:08:50,-08:00,2025-01-24T11:08:50-08:00,0,65
global.js,43,js,8e177c6a,Jackie Wang,2025-01-22,20:03:30,-08:00,2025-01-22T20:03:30-08:00,0,0
global.js,44,js,5a34e24d,Jackie Wang,2025-01-22,20:41:53,-08:00,2025-01-22T20:41:53-08:00,0,24
global.js,45,js,5a34e24d,Jackie Wang,2025-01-22,20:41:53,-08:00,2025-01-22T20:41:53-08:00,0,35
global.js,46,js,5a34e24d,Jackie Wang,2025-01-22,20:41:53,-08:00,2025-01-22T20:41:53-08:00,0,12
global.js,47,js,5a34e24d,Jackie Wang,2025-01-22,20:41:53,-08:00,2025-01-22T20:41:53-08:00,0,21
global.js,48,js,8e177c6a,Jackie Wang,2025-01-22,20:03:30,-08:00,2025-01-22T20:03:30-08:00,0,0
global.js,49,js,5a34e24d,Jackie Wang,2025-01-22,20:41:53,-08:00,2025-01-22T20:41:53-08:00,0,50
global.js,50,js,4c0a8df0,Jackie Wang,2025-01-24,11:08:50,-08:00,2025-01-24T11:08:50-08:00,0,91
global.js,51,js,8e177c6a,Jackie Wang,2025-01-22,20:03:30,-08:00,2025-01-22T20:03:30-08:00,0,0
global.js,52,js,5a34e24d,Jackie Wang,2025-01-22,20:41:53,-08:00,2025-01-22T20:41:53-08:00,0,41
global.js,53,js,5a34e24d,Jackie Wang,2025-01-22,20:41:53,-08:00,2025-01-22T20:41:53-08:00,0,30
global.js,54,js,5a34e24d,Jackie Wang,2025-01-22,20:41:53,-08:00,2025-01-22T20:41:53-08:00,0,19
global.js,55,js,5a34e24d,Jackie Wang,2025-01-22,20:41:53,-08:00,2025-01-22T20:41:53-08:00,0,0
global.js,56,js,84c6df06,Jackie Wang,2025-01-20,18:47:24,-08:00,2025-01-20T18:47:24-08:00,0,0
global.js,57,js,5a34e24d,Jackie Wang,2025-01-22,20:41:53,-08:00,2025-01-22T20:41:53-08:00,0,13
global.js,58,js,84c6df06,Jackie Wang,2025-01-20,18:47:24,-08:00,2025-01-20T18:47:24-08:00,0,0
global.js,59,js,84c6df06,Jackie Wang,2025-01-20,18:47:24,-08:00,2025-01-20T18:47:24-08:00,0,42
global.js,60,js,84c6df06,Jackie Wang,2025-01-20,18:47:24,-08:00,2025-01-20T18:47:24-08:00,0,32
global.js,61,js,84c6df06,Jackie Wang,2025-01-20,18:47:24,-08:00,2025-01-20T18:47:24-08:00,0,12
global.js,62,js,84c6df06,Jackie Wang,2025-01-20,18:47:24,-08:00,2025-01-20T18:47:24-08:00,0,0
global.js,63,js,84c6df06,Jackie Wang,2025-01-20,18:47:24,-08:00,2025-01-20T18:47:24-08:00,0,27
global.js,64,js,84c6df06,Jackie Wang,2025-01-20,18:47:24,-08:00,2025-01-20T18:47:24-08:00,0,5
global.js,65,js,84c6df06,Jackie Wang,2025-01-20,18:47:24,-08:00,2025-01-20T18:47:24-08:00,0,27
global.js,66,js,84c6df06,Jackie Wang,2025-01-20,18:47:24,-08:00,2025-01-20T18:47:24-08:00,0,44
global.js,67,js,84c6df06,Jackie Wang,2025-01-20,18:47:24,-08:00,2025-01-20T18:47:24-08:00,0,35
global.js,68,js,84c6df06,Jackie Wang,2025-01-20,18:47:24,-08:00,2025-01-20T18:47:24-08:00,0,33
global.js,69,js,84c6df06,Jackie Wang,2025-01-20,18:47:24,-08:00,2025-01-20T18:47:24-08:00,0,8
global.js,70,js,84c6df06,Jackie Wang,2025-01-20,18:47:24,-08:00,2025-01-20T18:47:24-08:00,0,7
global.js,71,js,84c6df06,Jackie Wang,2025-01-20,18:47:24,-08:00,2025-01-20T18:47:24-08:00,0,0
global.js,72,js,84c6df06,Jackie Wang,2025-01-20,18:47:24,-08:00,2025-01-20T18:47:24-08:00,0,1
global.js,73,js,84c6df06,Jackie Wang,2025-01-20,18:47:24,-08:00,2025-01-20T18:47:24-08:00,0,0
global.js,74,js,c203e6cc,Jackie Wang,2025-01-20,19:08:30,-08:00,2025-01-20T19:08:30-08:00,0,0
global.js,75,js,c203e6cc,Jackie Wang,2025-01-20,19:08:30,-08:00,2025-01-20T19:08:30-08:00,0,44
global.js,76,js,c203e6cc,Jackie Wang,2025-01-20,19:08:30,-08:00,2025-01-20T19:08:30-08:00,0,37
global.js,77,js,c203e6cc,Jackie Wang,2025-01-20,19:08:30,-08:00,2025-01-20T19:08:30-08:00,0,47
global.js,78,js,c203e6cc,Jackie Wang,2025-01-20,19:08:30,-08:00,2025-01-20T19:08:30-08:00,0,71
global.js,79,js,c203e6cc,Jackie Wang,2025-01-20,19:08:30,-08:00,2025-01-20T19:08:30-08:00,0,62
global.js,80,js,c203e6cc,Jackie Wang,2025-01-20,19:08:30,-08:00,2025-01-20T19:08:30-08:00,0,63
global.js,81,js,c203e6cc,Jackie Wang,2025-01-20,19:08:30,-08:00,2025-01-20T19:08:30-08:00,0,19
global.js,82,js,c203e6cc,Jackie Wang,2025-01-20,19:08:30,-08:00,2025-01-20T19:08:30-08:00,0,33
global.js,83,js,c203e6cc,Jackie Wang,2025-01-20,19:08:30,-08:00,2025-01-20T19:08:30-08:00,0,0
global.js,84,js,c203e6cc,Jackie Wang,2025-01-20,19:08:30,-08:00,2025-01-20T19:08:30-08:00,0,22
global.js,85,js,c203e6cc,Jackie Wang,2025-01-20,19:08:30,-08:00,2025-01-20T19:08:30-08:00,0,38
global.js,86,js,c203e6cc,Jackie Wang,2025-01-20,19:08:30,-08:00,2025-01-20T19:08:30-08:00,0,0
global.js,87,js,c203e6cc,Jackie Wang,2025-01-20,19:08:30,-08:00,2025-01-20T19:08:30-08:00,0,0
global.js,88,js,c203e6cc,Jackie Wang,2025-01-20,19:08:30,-08:00,2025-01-20T19:08:30-08:00,0,32
global.js,89,js,84c6df06,Jackie Wang,2025-01-20,18:47:24,-08:00,2025-01-20T18:47:24-08:00,0,63
global.js,90,js,84c6df06,Jackie Wang,2025-01-20,18:47:24,-08:00,2025-01-20T18:47:24-08:00,0,0
global.js,91,js,c203e6cc,Jackie Wang,2025-01-20,19:08:30,-08:00,2025-01-20T19:08:30-08:00,0,56
global.js,92,js,c203e6cc,Jackie Wang,2025-01-20,19:08:30,-08:00,2025-01-20T19:08:30-08:00,0,56
global.js,93,js,c203e6cc,Jackie Wang,2025-01-20,19:08:30,-08:00,2025-01-20T19:08:30-08:00,0,34
global.js,94,js,c203e6cc,Jackie Wang,2025-01-20,19:08:30,-08:00,2025-01-20T19:08:30-08:00,0,2
global.js,95,js,84c6df06,Jackie Wang,2025-01-20,18:47:24,-08:00,2025-01-20T18:47:24-08:00,0,0
global.js,96,js,c203e6cc,Jackie Wang,2025-01-20,19:08:30,-08:00,2025-01-20T19:08:30-08:00,0,52
global.js,97,js,c203e6cc,Jackie Wang,2025-01-20,19:08:30,-08:00,2025-01-20T19:08:30-08:00,0,35
global.js,98,js,c203e6cc,Jackie Wang,2025-01-20,19:08:30,-08:00,2025-01-20T19:08:30-08:00,0,67
global.js,99,js,c203e6cc,Jackie Wang,2025-01-20,19:08:30,-08:00,2025-01-20T19:08:30-08:00,0,40
global.js,100,js,1209784a,Jackie Wang,2025-01-30,23:26:47,-08:00,2025-01-30T23:26:47-08:00,0,0
global.js,101,js,1209784a,Jackie Wang,2025-01-30,23:26:47,-08:00,2025-01-30T23:26:47-08:00,0,0
global.js,102,js,1209784a,Jackie Wang,2025-01-30,23:26:47,-08:00,2025-01-30T23:26:47-08:00,0,0
global.js,103,js,1209784a,Jackie Wang,2025-01-30,23:26:47,-08:00,2025-01-30T23:26:47-08:00,0,0
global.js,104,js,1209784a,Jackie Wang,2025-01-30,23:26:47,-08:00,2025-01-30T23:26:47-08:00,0,15
global.js,105,js,1209784a,Jackie Wang,2025-01-30,23:26:47,-08:00,2025-01-30T23:26:47-08:00,0,57
global.js,106,js,1209784a,Jackie Wang,2025-01-30,23:26:47,-08:00,2025-01-30T23:26:47-08:00,0,37
global.js,107,js,1209784a,Jackie Wang,2025-01-30,23:26:47,-08:00,2025-01-30T23:26:47-08:00,0,4
global.js,108,js,1209784a,Jackie Wang,2025-01-30,23:26:47,-08:00,2025-01-30T23:26:47-08:00,0,40
global.js,109,js,1209784a,Jackie Wang,2025-01-30,23:26:47,-08:00,2025-01-30T23:26:47-08:00,0,33
global.js,110,js,1209784a,Jackie Wang,2025-01-30,23:26:47,-08:00,2025-01-30T23:26:47-08:00,0,0
global.js,111,js,1209784a,Jackie Wang,2025-01-30,23:26:47,-08:00,2025-01-30T23:26:47-08:00,0,52
global.js,112,js,1209784a,Jackie Wang,2025-01-30,23:26:47,-08:00,2025-01-30T23:26:47-08:00,0,18
global.js,113,js,1209784a,Jackie Wang,2025-01-30,23:26:47,-08:00,2025-01-30T23:26:47-08:00,0,67
global.js,114,js,1209784a,Jackie Wang,2025-01-30,23:26:47,-08:00,2025-01-30T23:26:47-08:00,0,0
global.js,115,js,1209784a,Jackie Wang,2025-01-30,23:26:47,-08:00,2025-01-30T23:26:47-08:00,0,0
global.js,116,js,1209784a,Jackie Wang,2025-01-30,23:26:47,-08:00,2025-01-30T23:26:47-08:00,0,35
global.js,117,js,1209784a,Jackie Wang,2025-01-30,23:26:47,-08:00,2025-01-30T23:26:47-08:00,0,34
global.js,118,js,1209784a,Jackie Wang,2025-01-30,23:26:47,-08:00,2025-01-30T23:26:47-08:00,0,34
global.js,119,js,1209784a,Jackie Wang,2025-01-30,23:26:47,-08:00,2025-01-30T23:26:47-08:00,0,11
global.js,120,js,1209784a,Jackie Wang,2025-01-30,23:26:47,-08:00,2025-01-30T23:26:47-08:00,0,0
global.js,121,js,1209784a,Jackie Wang,2025-01-30,23:26:47,-08:00,2025-01-30T23:26:47-08:00,0,0
global.js,122,js,1209784a,Jackie Wang,2025-01-30,23:26:47,-08:00,2025-01-30T23:26:47-08:00,0,16
global.js,123,js,1209784a,Jackie Wang,2025-01-30,23:26:47,-08:00,2025-01-30T23:26:47-08:00,0,60
global.js,124,js,1209784a,Jackie Wang,2025-01-30,23:26:47,-08:00,2025-01-30T23:26:47-08:00,0,0
global.js,125,js,1209784a,Jackie Wang,2025-01-30,23:26:47,-08:00,2025-01-30T23:26:47-08:00,0,0
global.js,126,js,1209784a,Jackie Wang,2025-01-30,23:26:47,-08:00,2025-01-30T23:26:47-08:00,0,0
global.js,127,js,1209784a,Jackie Wang,2025-01-30,23:26:47,-08:00,2025-01-30T23:26:47-08:00,0,79
global.js,128,js,1209784a,Jackie Wang,2025-01-30,23:26:47,-08:00,2025-01-30T23:26:47-08:00,0,23
global.js,129,js,1209784a,Jackie Wang,2025-01-30,23:26:47,-08:00,2025-01-30T23:26:47-08:00,0,43
global.js,130,js,1209784a,Jackie Wang,2025-01-30,23:26:47,-08:00,2025-01-30T23:26:47-08:00,0,6
global.js,131,js,1209784a,Jackie Wang,2025-01-30,23:26:47,-08:00,2025-01-30T23:26:47-08:00,0,0
global.js,132,js,1209784a,Jackie Wang,2025-01-30,23:26:47,-08:00,2025-01-30T23:26:47-08:00,0,0
global.js,133,js,1209784a,Jackie Wang,2025-01-30,23:26:47,-08:00,2025-01-30T23:26:47-08:00,0,49
global.js,134,js,1209784a,Jackie Wang,2025-01-30,23:26:47,-08:00,2025-01-30T23:26:47-08:00,0,20
global.js,135,js,1209784a,Jackie Wang,2025-01-30,23:26:47,-08:00,2025-01-30T23:26:47-08:00,0,50
global.js,136,js,1209784a,Jackie Wang,2025-01-30,23:26:47,-08:00,2025-01-30T23:26:47-08:00,0,50
global.js,137,js,9225bbc0,Jackie Wang,2025-02-06,18:53:58,-08:00,2025-02-06T18:53:58-08:00,0,30
global.js,138,js,9225bbc0,Jackie Wang,2025-02-06,18:53:58,-08:00,2025-02-06T18:53:58-08:00,0,28
global.js,139,js,9225bbc0,Jackie Wang,2025-02-06,18:53:58,-08:00,2025-02-06T18:53:58-08:00,0,42
global.js,140,js,9225bbc0,Jackie Wang,2025-02-06,18:53:58,-08:00,2025-02-06T18:53:58-08:00,0,5
global.js,141,js,9225bbc0,Jackie Wang,2025-02-06,18:53:58,-08:00,2025-02-06T18:53:58-08:00,0,0
global.js,142,js,1209784a,Jackie Wang,2025-01-30,23:26:47,-08:00,2025-01-30T23:26:47-08:00,0,1
global.js,143,js,1209784a,Jackie Wang,2025-01-30,23:26:47,-08:00,2025-01-30T23:26:47-08:00,0,37
global.js,144,js,e1418ce2,Jackie Wang,2025-01-31,00:07:36,-08:00,2025-01-31T00:07:36-08:00,0,0
global.js,145,js,e1418ce2,Jackie Wang,2025-01-31,00:07:36,-08:00,2025-01-31T00:07:36-08:00,0,0
global.js,146,js,e1418ce2,Jackie Wang,2025-01-31,00:07:36,-08:00,2025-01-31T00:07:36-08:00,0,0
global.js,147,js,e1418ce2,Jackie Wang,2025-01-31,00:07:36,-08:00,2025-01-31T00:07:36-08:00,0,25
global.js,148,js,e1418ce2,Jackie Wang,2025-01-31,00:07:36,-08:00,2025-01-31T00:07:36-08:00,0,48
global.js,149,js,e1418ce2,Jackie Wang,2025-01-31,00:07:36,-08:00,2025-01-31T00:07:36-08:00,0,60
global.js,150,js,e1418ce2,Jackie Wang,2025-01-31,00:07:36,-08:00,2025-01-31T00:07:36-08:00,0,60
global.js,151,js,1209784a,Jackie Wang,2025-01-30,23:26:47,-08:00,2025-01-30T23:26:47-08:00,0,0
resume\index.html,1,html,8bbebb6e,Jackie Wang,2025-01-10,18:37:07,-08:00,2025-01-10T18:37:07-08:00,0,14
resume\index.html,2,html,8bbebb6e,Jackie Wang,2025-01-10,18:37:07,-08:00,2025-01-10T18:37:07-08:00,0,15
resume\index.html,3,html,8bbebb6e,Jackie Wang,2025-01-10,18:37:07,-08:00,2025-01-10T18:37:07-08:00,0,5
resume\index.html,4,html,8bbebb6e,Jackie Wang,2025-01-10,18:37:07,-08:00,2025-01-10T18:37:07-08:00,0,21
resume\index.html,5,html,8bbebb6e,Jackie Wang,2025-01-10,18:37:07,-08:00,2025-01-10T18:37:07-08:00,0,69
resume\index.html,6,html,8bbebb6e,Jackie Wang,2025-01-10,18:37:07,-08:00,2025-01-10T18:37:07-08:00,0,34
resume\index.html,7,html,8bbebb6e,Jackie Wang,2025-01-10,18:37:07,-08:00,2025-01-10T18:37:07-08:00,0,42
resume\index.html,8,html,84c6df06,Jackie Wang,2025-01-20,18:47:24,-08:00,2025-01-20T18:47:24-08:00,0,49
resume\index.html,9,html,8bbebb6e,Jackie Wang,2025-01-10,18:37:07,-08:00,2025-01-10T18:37:07-08:00,0,6
resume\index.html,10,html,8bbebb6e,Jackie Wang,2025-01-10,18:37:07,-08:00,2025-01-10T18:37:07-08:00,0,5
resume\index.html,11,html,8bbebb6e,Jackie Wang,2025-01-10,18:37:07,-08:00,2025-01-10T18:37:07-08:00,0,19
resume\index.html,12,html,8bbebb6e,Jackie Wang,2025-01-10,18:37:07,-08:00,2025-01-10T18:37:07-08:00,0,198
resume\index.html,13,html,8bbebb6e,Jackie Wang,2025-01-10,18:37:07,-08:00,2025-01-10T18:37:07-08:00,0,0
resume\index.html,14,html,8bbebb6e,Jackie Wang,2025-01-10,18:37:07,-08:00,2025-01-10T18:37:07-08:00,0,8
resume\index.html,15,html,8bbebb6e,Jackie Wang,2025-01-10,18:37:07,-08:00,2025-01-10T18:37:07-08:00,0,7
resume\index.html,16,html,8bbebb6e,Jackie Wang,2025-01-10,18:37:07,-08:00,2025-01-10T18:37:07-08:00,0,17
resume\index.html,17,html,8bbebb6e,Jackie Wang,2025-01-10,18:37:07,-08:00,2025-01-10T18:37:07-08:00,0,8
resume\index.html,18,html,8bbebb6e,Jackie Wang,2025-01-10,18:37:07,-08:00,2025-01-10T18:37:07-08:00,0,8
resume\index.html,19,html,8bbebb6e,Jackie Wang,2025-01-10,18:37:07,-08:00,2025-01-10T18:37:07-08:00,0,43
resume\index.html,20,html,8bbebb6e,Jackie Wang,2025-01-10,18:37:07,-08:00,2025-01-10T18:37:07-08:00,0,41
resume\index.html,21,html,8bbebb6e,Jackie Wang,2025-01-10,18:37:07,-08:00,2025-01-10T18:37:07-08:00,0,42
resume\index.html,22,html,8bbebb6e,Jackie Wang,2025-01-10,18:37:07,-08:00,2025-01-10T18:37:07-08:00,0,15
resume\index.html,23,html,8bbebb6e,Jackie Wang,2025-01-10,18:37:07,-08:00,2025-01-10T18:37:07-08:00,0,9
resume\index.html,24,html,8bbebb6e,Jackie Wang,2025-01-10,18:37:07,-08:00,2025-01-10T18:37:07-08:00,0,9
resume\index.html,25,html,8bbebb6e,Jackie Wang,2025-01-10,18:37:07,-08:00,2025-01-10T18:37:07-08:00,0,0
resume\index.html,26,html,8bbebb6e,Jackie Wang,2025-01-10,18:37:07,-08:00,2025-01-10T18:37:07-08:00,0,8
resume\index.html,27,html,8bbebb6e,Jackie Wang,2025-01-10,18:37:07,-08:00,2025-01-10T18:37:07-08:00,0,7
resume\index.html,28,html,8bbebb6e,Jackie Wang,2025-01-10,18:37:07,-08:00,2025-01-10T18:37:07-08:00,0,14
resume\index.html,29,html,8bbebb6e,Jackie Wang,2025-01-10,18:37:07,-08:00,2025-01-10T18:37:07-08:00,0,8
resume\index.html,30,html,8bbebb6e,Jackie Wang,2025-01-10,18:37:07,-08:00,2025-01-10T18:37:07-08:00,0,3
resume\index.html,31,html,8bbebb6e,Jackie Wang,2025-01-10,18:37:07,-08:00,2025-01-10T18:37:07-08:00,0,93
resume\index.html,32,html,8bbebb6e,Jackie Wang,2025-01-10,18:37:07,-08:00,2025-01-10T18:37:07-08:00,0,106
resume\index.html,33,html,8bbebb6e,Jackie Wang,2025-01-10,18:37:07,-08:00,2025-01-10T18:37:07-08:00,0,39
resume\index.html,34,html,8bbebb6e,Jackie Wang,2025-01-10,18:37:07,-08:00,2025-01-10T18:37:07-08:00,0,4
resume\index.html,35,html,8bbebb6e,Jackie Wang,2025-01-10,18:37:07,-08:00,2025-01-10T18:37:07-08:00,0,9
resume\index.html,36,html,8bbebb6e,Jackie Wang,2025-01-10,18:37:07,-08:00,2025-01-10T18:37:07-08:00,0,0
resume\index.html,37,html,8bbebb6e,Jackie Wang,2025-01-10,18:37:07,-08:00,2025-01-10T18:37:07-08:00,0,8
resume\index.html,38,html,8bbebb6e,Jackie Wang,2025-01-10,18:37:07,-08:00,2025-01-10T18:37:07-08:00,0,7
resume\index.html,39,html,8bbebb6e,Jackie Wang,2025-01-10,18:37:07,-08:00,2025-01-10T18:37:07-08:00,0,18
resume\index.html,40,html,8bbebb6e,Jackie Wang,2025-01-10,18:37:07,-08:00,2025-01-10T18:37:07-08:00,0,8
resume\index.html,41,html,8bbebb6e,Jackie Wang,2025-01-10,18:37:07,-08:00,2025-01-10T18:37:07-08:00,0,8
resume\index.html,42,html,8bbebb6e,Jackie Wang,2025-01-10,18:37:07,-08:00,2025-01-10T18:37:07-08:00,0,45
resume\index.html,43,html,8bbebb6e,Jackie Wang,2025-01-10,18:37:07,-08:00,2025-01-10T18:37:07-08:00,0,49
resume\index.html,44,html,8bbebb6e,Jackie Wang,2025-01-10,18:37:07,-08:00,2025-01-10T18:37:07-08:00,0,31
resume\index.html,45,html,8bbebb6e,Jackie Wang,2025-01-10,18:37:07,-08:00,2025-01-10T18:37:07-08:00,0,3
resume\index.html,46,html,8bbebb6e,Jackie Wang,2025-01-10,18:37:07,-08:00,2025-01-10T18:37:07-08:00,0,76
resume\index.html,47,html,8bbebb6e,Jackie Wang,2025-01-10,18:37:07,-08:00,2025-01-10T18:37:07-08:00,0,82
resume\index.html,48,html,8bbebb6e,Jackie Wang,2025-01-10,18:37:07,-08:00,2025-01-10T18:37:07-08:00,0,74
resume\index.html,49,html,8bbebb6e,Jackie Wang,2025-01-10,18:37:07,-08:00,2025-01-10T18:37:07-08:00,0,4
resume\index.html,50,html,8bbebb6e,Jackie Wang,2025-01-10,18:37:07,-08:00,2025-01-10T18:37:07-08:00,0,9
resume\index.html,51,html,8bbebb6e,Jackie Wang,2025-01-10,18:37:07,-08:00,2025-01-10T18:37:07-08:00,0,8
resume\index.html,52,html,8bbebb6e,Jackie Wang,2025-01-10,18:37:07,-08:00,2025-01-10T18:37:07-08:00,0,49
resume\index.html,53,html,8bbebb6e,Jackie Wang,2025-01-10,18:37:07,-08:00,2025-01-10T18:37:07-08:00,0,42
resume\index.html,54,html,8bbebb6e,Jackie Wang,2025-01-10,18:37:07,-08:00,2025-01-10T18:37:07-08:00,0,34
resume\index.html,55,html,8bbebb6e,Jackie Wang,2025-01-10,18:37:07,-08:00,2025-01-10T18:37:07-08:00,0,3
resume\index.html,56,html,8bbebb6e,Jackie Wang,2025-01-10,18:37:07,-08:00,2025-01-10T18:37:07-08:00,0,73
resume\index.html,57,html,8bbebb6e,Jackie Wang,2025-01-10,18:37:07,-08:00,2025-01-10T18:37:07-08:00,0,84
resume\index.html,58,html,8bbebb6e,Jackie Wang,2025-01-10,18:37:07,-08:00,2025-01-10T18:37:07-08:00,0,4
resume\index.html,59,html,8bbebb6e,Jackie Wang,2025-01-10,18:37:07,-08:00,2025-01-10T18:37:07-08:00,0,9
resume\index.html,60,html,8bbebb6e,Jackie Wang,2025-01-10,18:37:07,-08:00,2025-01-10T18:37:07-08:00,0,8
resume\index.html,61,html,8bbebb6e,Jackie Wang,2025-01-10,18:37:07,-08:00,2025-01-10T18:37:07-08:00,0,36
resume\index.html,62,html,8bbebb6e,Jackie Wang,2025-01-10,18:37:07,-08:00,2025-01-10T18:37:07-08:00,0,35
resume\index.html,63,html,8bbebb6e,Jackie Wang,2025-01-10,18:37:07,-08:00,2025-01-10T18:37:07-08:00,0,36
resume\index.html,64,html,8bbebb6e,Jackie Wang,2025-01-10,18:37:07,-08:00,2025-01-10T18:37:07-08:00,0,3
resume\index.html,65,html,8bbebb6e,Jackie Wang,2025-01-10,18:37:07,-08:00,2025-01-10T18:37:07-08:00,0,86
resume\index.html,66,html,8bbebb6e,Jackie Wang,2025-01-10,18:37:07,-08:00,2025-01-10T18:37:07-08:00,0,87
resume\index.html,67,html,8bbebb6e,Jackie Wang,2025-01-10,18:37:07,-08:00,2025-01-10T18:37:07-08:00,0,4
resume\index.html,68,html,8bbebb6e,Jackie Wang,2025-01-10,18:37:07,-08:00,2025-01-10T18:37:07-08:00,0,9
resume\index.html,69,html,8bbebb6e,Jackie Wang,2025-01-10,18:37:07,-08:00,2025-01-10T18:37:07-08:00,0,37
resume\index.html,70,html,8bbebb6e,Jackie Wang,2025-01-10,18:37:07,-08:00,2025-01-10T18:37:07-08:00,0,9
resume\index.html,71,html,8bbebb6e,Jackie Wang,2025-01-10,18:37:07,-08:00,2025-01-10T18:37:07-08:00,0,0
resume\index.html,72,html,8bbebb6e,Jackie Wang,2025-01-10,18:37:07,-08:00,2025-01-10T18:37:07-08:00,0,8
resume\index.html,73,html,8bbebb6e,Jackie Wang,2025-01-10,18:37:07,-08:00,2025-01-10T18:37:07-08:00,0,7
resume\index.html,74,html,8bbebb6e,Jackie Wang,2025-01-10,18:37:07,-08:00,2025-01-10T18:37:07-08:00,0,16
resume\index.html,75,html,8bbebb6e,Jackie Wang,2025-01-10,18:37:07,-08:00,2025-01-10T18:37:07-08:00,0,8
resume\index.html,76,html,8bbebb6e,Jackie Wang,2025-01-10,18:37:07,-08:00,2025-01-10T18:37:07-08:00,0,8
resume\index.html,77,html,8bbebb6e,Jackie Wang,2025-01-10,18:37:07,-08:00,2025-01-10T18:37:07-08:00,0,27
resume\index.html,78,html,8bbebb6e,Jackie Wang,2025-01-10,18:37:07,-08:00,2025-01-10T18:37:07-08:00,0,35
resume\index.html,79,html,8bbebb6e,Jackie Wang,2025-01-10,18:37:07,-08:00,2025-01-10T18:37:07-08:00,0,3
resume\index.html,80,html,8bbebb6e,Jackie Wang,2025-01-10,18:37:07,-08:00,2025-01-10T18:37:07-08:00,0,70
resume\index.html,81,html,8bbebb6e,Jackie Wang,2025-01-10,18:37:07,-08:00,2025-01-10T18:37:07-08:00,0,67
resume\index.html,82,html,8bbebb6e,Jackie Wang,2025-01-10,18:37:07,-08:00,2025-01-10T18:37:07-08:00,0,4
resume\index.html,83,html,8bbebb6e,Jackie Wang,2025-01-10,18:37:07,-08:00,2025-01-10T18:37:07-08:00,0,9
resume\index.html,84,html,8bbebb6e,Jackie Wang,2025-01-10,18:37:07,-08:00,2025-01-10T18:37:07-08:00,0,9
resume\index.html,85,html,8bbebb6e,Jackie Wang,2025-01-10,18:37:07,-08:00,2025-01-10T18:37:07-08:00,0,0
resume\index.html,86,html,8bbebb6e,Jackie Wang,2025-01-10,18:37:07,-08:00,2025-01-10T18:37:07-08:00,0,7
resume\index.html,87,html,8bbebb6e,Jackie Wang,2025-01-10,18:37:07,-08:00,2025-01-10T18:37:07-08:00,0,29
resume\index.html,88,html,8bbebb6e,Jackie Wang,2025-01-10,18:37:07,-08:00,2025-01-10T18:37:07-08:00,0,8
resume\index.html,89,html,8bbebb6e,Jackie Wang,2025-01-10,18:37:07,-08:00,2025-01-10T18:37:07-08:00,0,6
resume\index.html,90,html,8bbebb6e,Jackie Wang,2025-01-10,18:37:07,-08:00,2025-01-10T18:37:07-08:00,0,6
projects\projects.js,1,js,1cd91353,Jackie Wang,2025-02-08,11:14:11,-08:00,2025-02-08T11:14:11-08:00,0,64
projects\projects.js,2,js,1209784a,Jackie Wang,2025-01-30,23:26:47,-08:00,2025-01-30T23:26:47-08:00,0,56
projects\projects.js,3,js,1209784a,Jackie Wang,2025-01-30,23:26:47,-08:00,2025-01-30T23:26:47-08:00,0,0
projects\projects.js,4,js,1209784a,Jackie Wang,2025-01-30,23:26:47,-08:00,2025-01-30T23:26:47-08:00,0,30
projects\projects.js,5,js,1209784a,Jackie Wang,2025-01-30,23:26:47,-08:00,2025-01-30T23:26:47-08:00,0,61
projects\projects.js,6,js,1cd91353,Jackie Wang,2025-02-08,11:14:11,-08:00,2025-02-08T11:14:11-08:00,0,56
projects\projects.js,7,js,1cd91353,Jackie Wang,2025-02-08,11:14:11,-08:00,2025-02-08T11:14:11-08:00,0,63
projects\projects.js,8,js,1209784a,Jackie Wang,2025-01-30,23:26:47,-08:00,2025-01-30T23:26:47-08:00,0,0
projects\projects.js,9,js,1cd91353,Jackie Wang,2025-02-08,11:14:11,-08:00,2025-02-08T11:14:11-08:00,0,14
projects\projects.js,10,js,1cd91353,Jackie Wang,2025-02-08,11:14:11,-08:00,2025-02-08T11:14:11-08:00,0,22
projects\projects.js,11,js,1cd91353,Jackie Wang,2025-02-08,11:14:11,-08:00,2025-02-08T11:14:11-08:00,0,54
projects\projects.js,12,js,5ba1fa7a,Jackie Wang,2025-02-08,11:16:41,-08:00,2025-02-08T11:16:41-08:00,0,55
projects\projects.js,13,js,5ba1fa7a,Jackie Wang,2025-02-08,11:16:41,-08:00,2025-02-08T11:16:41-08:00,0,30
projects\projects.js,14,js,1209784a,Jackie Wang,2025-01-30,23:26:47,-08:00,2025-01-30T23:26:47-08:00,0,0
projects\projects.js,15,js,1cd91353,Jackie Wang,2025-02-08,11:14:11,-08:00,2025-02-08T11:14:11-08:00,0,31
projects\projects.js,16,js,1209784a,Jackie Wang,2025-01-30,23:26:47,-08:00,2025-01-30T23:26:47-08:00,0,30
projects\projects.js,17,js,1cd91353,Jackie Wang,2025-02-08,11:14:11,-08:00,2025-02-08T11:14:11-08:00,0,48
projects\projects.js,18,js,1209784a,Jackie Wang,2025-01-30,23:26:47,-08:00,2025-01-30T23:26:47-08:00,0,2
projects\projects.js,19,js,1cd91353,Jackie Wang,2025-02-08,11:14:11,-08:00,2025-02-08T11:14:11-08:00,0,19
projects\projects.js,20,js,1cd91353,Jackie Wang,2025-02-08,11:14:11,-08:00,2025-02-08T11:14:11-08:00,0,55
projects\projects.js,21,js,1cd91353,Jackie Wang,2025-02-08,11:14:11,-08:00,2025-02-08T11:14:11-08:00,0,0
projects\projects.js,22,js,94c9d776,Jackie Wang,2025-02-06,20:13:36,-08:00,2025-02-06T20:13:36-08:00,0,0
projects\projects.js,23,js,94c9d776,Jackie Wang,2025-02-06,20:13:36,-08:00,2025-02-06T20:13:36-08:00,0,65
projects\projects.js,24,js,1cd91353,Jackie Wang,2025-02-08,11:14:11,-08:00,2025-02-08T11:14:11-08:00,0,60
projects\projects.js,25,js,94c9d776,Jackie Wang,2025-02-06,20:13:36,-08:00,2025-02-06T20:13:36-08:00,0,0
projects\projects.js,26,js,1cd91353,Jackie Wang,2025-02-08,11:14:11,-08:00,2025-02-08T11:14:11-08:00,0,40
projects\projects.js,27,js,5a1bd1e8,Jackie Wang,2025-02-06,20:27:05,-08:00,2025-02-06T20:27:05-08:00,0,50
projects\projects.js,28,js,5a1bd1e8,Jackie Wang,2025-02-06,20:27:05,-08:00,2025-02-06T20:27:05-08:00,0,0
projects\projects.js,29,js,1cd91353,Jackie Wang,2025-02-08,11:14:11,-08:00,2025-02-08T11:14:11-08:00,0,2
projects\projects.js,30,js,1cd91353,Jackie Wang,2025-02-08,11:14:11,-08:00,2025-02-08T11:14:11-08:00,0,47
projects\projects.js,31,js,1cd91353,Jackie Wang,2025-02-08,11:14:11,-08:00,2025-02-08T11:14:11-08:00,0,1
projects\projects.js,32,js,1cd91353,Jackie Wang,2025-02-08,11:14:11,-08:00,2025-02-08T11:14:11-08:00,0,38
projects\projects.js,33,js,5afdbb57,Jackie Wang,2025-02-08,11:47:00,-08:00,2025-02-08T11:47:00-08:00,0,26
projects\projects.js,34,js,5afdbb57,Jackie Wang,2025-02-08,11:47:00,-08:00,2025-02-08T11:47:00-08:00,0,30
projects\projects.js,35,js,5afdbb57,Jackie Wang,2025-02-08,11:47:00,-08:00,2025-02-08T11:47:00-08:00,0,17
projects\projects.js,36,js,5afdbb57,Jackie Wang,2025-02-08,11:47:00,-08:00,2025-02-08T11:47:00-08:00,0,69
projects\projects.js,37,js,5afdbb57,Jackie Wang,2025-02-08,11:47:00,-08:00,2025-02-08T11:47:00-08:00,0,0
projects\projects.js,38,js,5afdbb57,Jackie Wang,2025-02-08,11:47:00,-08:00,2025-02-08T11:47:00-08:00,0,52
projects\projects.js,39,js,5afdbb57,Jackie Wang,2025-02-08,11:47:00,-08:00,2025-02-08T11:47:00-08:00,0,19
projects\projects.js,40,js,5afdbb57,Jackie Wang,2025-02-08,11:47:00,-08:00,2025-02-08T11:47:00-08:00,0,15
projects\projects.js,41,js,5afdbb57,Jackie Wang,2025-02-08,11:47:00,-08:00,2025-02-08T11:47:00-08:00,0,28
projects\projects.js,42,js,5afdbb57,Jackie Wang,2025-02-08,11:47:00,-08:00,2025-02-08T11:47:00-08:00,0,17
projects\projects.js,43,js,5afdbb57,Jackie Wang,2025-02-08,11:47:00,-08:00,2025-02-08T11:47:00-08:00,0,37
projects\projects.js,44,js,5afdbb57,Jackie Wang,2025-02-08,11:47:00,-08:00,2025-02-08T11:47:00-08:00,0,55
projects\projects.js,45,js,5afdbb57,Jackie Wang,2025-02-08,11:47:00,-08:00,2025-02-08T11:47:00-08:00,0,1
projects\projects.js,46,js,5afdbb57,Jackie Wang,2025-02-08,11:47:00,-08:00,2025-02-08T11:47:00-08:00,0,0
projects\projects.js,47,js,1cd91353,Jackie Wang,2025-02-08,11:14:11,-08:00,2025-02-08T11:14:11-08:00,0,2
projects\projects.js,48,js,1cd91353,Jackie Wang,2025-02-08,11:14:11,-08:00,2025-02-08T11:14:11-08:00,0,49
projects\projects.js,49,js,1cd91353,Jackie Wang,2025-02-08,11:14:11,-08:00,2025-02-08T11:14:11-08:00,0,1
projects\projects.js,50,js,1cd91353,Jackie Wang,2025-02-08,11:14:11,-08:00,2025-02-08T11:14:11-08:00,0,36
projects\projects.js,51,js,1cd91353,Jackie Wang,2025-02-08,11:14:11,-08:00,2025-02-08T11:14:11-08:00,0,29
projects\projects.js,52,js,5a1bd1e8,Jackie Wang,2025-02-06,20:27:05,-08:00,2025-02-06T20:27:05-08:00,0,13
projects\projects.js,53,js,5a1bd1e8,Jackie Wang,2025-02-06,20:27:05,-08:00,2025-02-06T20:27:05-08:00,0,15
projects\projects.js,54,js,5a1bd1e8,Jackie Wang,2025-02-06,20:27:05,-08:00,2025-02-06T20:27:05-08:00,0,12
projects\projects.js,55,js,94c9d776,Jackie Wang,2025-02-06,20:13:36,-08:00,2025-02-06T20:13:36-08:00,0,1
projects\projects.js,56,js,1cd91353,Jackie Wang,2025-02-08,11:14:11,-08:00,2025-02-08T11:14:11-08:00,0,42
projects\projects.js,57,js,1cd91353,Jackie Wang,2025-02-08,11:14:11,-08:00,2025-02-08T11:14:11-08:00,0,12
projects\projects.js,58,js,1cd91353,Jackie Wang,2025-02-08,11:14:11,-08:00,2025-02-08T11:14:11-08:00,0,21
projects\projects.js,59,js,1cd91353,Jackie Wang,2025-02-08,11:14:11,-08:00,2025-02-08T11:14:11-08:00,0,3
projects\projects.js,60,js,1cd91353,Jackie Wang,2025-02-08,11:14:11,-08:00,2025-02-08T11:14:11-08:00,0,0
projects\projects.js,61,js,1cd91353,Jackie Wang,2025-02-08,11:14:11,-08:00,2025-02-08T11:14:11-08:00,0,0
projects\projects.js,62,js,1cd91353,Jackie Wang,2025-02-08,11:14:11,-08:00,2025-02-08T11:14:11-08:00,0,2
projects\projects.js,63,js,1cd91353,Jackie Wang,2025-02-08,11:14:11,-08:00,2025-02-08T11:14:11-08:00,0,66
projects\projects.js,64,js,1cd91353,Jackie Wang,2025-02-08,11:14:11,-08:00,2025-02-08T11:14:11-08:00,0,1
projects\projects.js,65,js,1cd91353,Jackie Wang,2025-02-08,11:14:11,-08:00,2025-02-08T11:14:11-08:00,0,39
projects\projects.js,66,js,5afdbb57,Jackie Wang,2025-02-08,11:47:00,-08:00,2025-02-08T11:47:00-08:00,0,51
projects\projects.js,67,js,1cd91353,Jackie Wang,2025-02-08,11:14:11,-08:00,2025-02-08T11:14:11-08:00,0,42
projects\projects.js,68,js,1cd91353,Jackie Wang,2025-02-08,11:14:11,-08:00,2025-02-08T11:14:11-08:00,0,51
projects\projects.js,69,js,1cd91353,Jackie Wang,2025-02-08,11:14:11,-08:00,2025-02-08T11:14:11-08:00,0,39
projects\projects.js,70,js,1cd91353,Jackie Wang,2025-02-08,11:14:11,-08:00,2025-02-08T11:14:11-08:00,0,46
projects\projects.js,71,js,94c9d776,Jackie Wang,2025-02-06,20:13:36,-08:00,2025-02-06T20:13:36-08:00,0,0
projects\projects.js,72,js,5afdbb57,Jackie Wang,2025-02-08,11:47:00,-08:00,2025-02-08T11:47:00-08:00,0,52
projects\projects.js,73,js,5a1bd1e8,Jackie Wang,2025-02-06,20:27:05,-08:00,2025-02-06T20:27:05-08:00,0,43
projects\projects.js,74,js,5a1bd1e8,Jackie Wang,2025-02-06,20:27:05,-08:00,2025-02-06T20:27:05-08:00,0,30
projects\projects.js,75,js,5afdbb57,Jackie Wang,2025-02-08,11:47:00,-08:00,2025-02-08T11:47:00-08:00,0,0
projects\projects.js,76,js,5afdbb57,Jackie Wang,2025-02-08,11:47:00,-08:00,2025-02-08T11:47:00-08:00,0,35
projects\projects.js,77,js,5afdbb57,Jackie Wang,2025-02-08,11:47:00,-08:00,2025-02-08T11:47:00-08:00,0,15
projects\projects.js,78,js,5afdbb57,Jackie Wang,2025-02-08,11:47:00,-08:00,2025-02-08T11:47:00-08:00,0,0
projects\projects.js,79,js,5afdbb57,Jackie Wang,2025-02-08,11:47:00,-08:00,2025-02-08T11:47:00-08:00,0,33
projects\projects.js,80,js,5afdbb57,Jackie Wang,2025-02-08,11:47:00,-08:00,2025-02-08T11:47:00-08:00,0,25
projects\projects.js,81,js,5a1bd1e8,Jackie Wang,2025-02-06,20:27:05,-08:00,2025-02-06T20:27:05-08:00,0,17
projects\projects.js,82,js,5afdbb57,Jackie Wang,2025-02-08,11:47:00,-08:00,2025-02-08T11:47:00-08:00,0,14
projects\projects.js,83,js,5afdbb57,Jackie Wang,2025-02-08,11:47:00,-08:00,2025-02-08T11:47:00-08:00,0,23
projects\projects.js,84,js,1cd91353,Jackie Wang,2025-02-08,11:14:11,-08:00,2025-02-08T11:14:11-08:00,0,26
projects\projects.js,85,js,1cd91353,Jackie Wang,2025-02-08,11:14:11,-08:00,2025-02-08T11:14:11-08:00,0,19
projects\projects.js,86,js,5afdbb57,Jackie Wang,2025-02-08,11:47:00,-08:00,2025-02-08T11:47:00-08:00,0,49
projects\projects.js,87,js,5afdbb57,Jackie Wang,2025-02-08,11:47:00,-08:00,2025-02-08T11:47:00-08:00,0,44
projects\projects.js,88,js,5afdbb57,Jackie Wang,2025-02-08,11:47:00,-08:00,2025-02-08T11:47:00-08:00,0,0
projects\projects.js,89,js,5afdbb57,Jackie Wang,2025-02-08,11:47:00,-08:00,2025-02-08T11:47:00-08:00,0,38
projects\projects.js,90,js,1cd91353,Jackie Wang,2025-02-08,11:14:11,-08:00,2025-02-08T11:14:11-08:00,0,28
projects\projects.js,91,js,1cd91353,Jackie Wang,2025-02-08,11:14:11,-08:00,2025-02-08T11:14:11-08:00,0,0
projects\projects.js,92,js,5afdbb57,Jackie Wang,2025-02-08,11:47:00,-08:00,2025-02-08T11:47:00-08:00,0,41
projects\projects.js,93,js,1cd91353,Jackie Wang,2025-02-08,11:14:11,-08:00,2025-02-08T11:14:11-08:00,0,26
projects\projects.js,94,js,5afdbb57,Jackie Wang,2025-02-08,11:47:00,-08:00,2025-02-08T11:47:00-08:00,0,36
projects\projects.js,95,js,5afdbb57,Jackie Wang,2025-02-08,11:47:00,-08:00,2025-02-08T11:47:00-08:00,0,32
projects\projects.js,96,js,5afdbb57,Jackie Wang,2025-02-08,11:47:00,-08:00,2025-02-08T11:47:00-08:00,0,77
projects\projects.js,97,js,5afdbb57,Jackie Wang,2025-02-08,11:47:00,-08:00,2025-02-08T11:47:00-08:00,0,19
projects\projects.js,98,js,5afdbb57,Jackie Wang,2025-02-08,11:47:00,-08:00,2025-02-08T11:47:00-08:00,0,55
projects\projects.js,99,js,5afdbb57,Jackie Wang,2025-02-08,11:47:00,-08:00,2025-02-08T11:47:00-08:00,0,0
projects\projects.js,100,js,1cd91353,Jackie Wang,2025-02-08,11:14:11,-08:00,2025-02-08T11:14:11-08:00,0,7
projects\projects.js,101,js,5afdbb57,Jackie Wang,2025-02-08,11:47:00,-08:00,2025-02-08T11:47:00-08:00,0,56
projects\projects.js,102,js,1cd91353,Jackie Wang,2025-02-08,11:14:11,-08:00,2025-02-08T11:14:11-08:00,0,49
projects\projects.js,103,js,5afdbb57,Jackie Wang,2025-02-08,11:47:00,-08:00,2025-02-08T11:47:00-08:00,0,82
projects\projects.js,104,js,5afdbb57,Jackie Wang,2025-02-08,11:47:00,-08:00,2025-02-08T11:47:00-08:00,0,32
projects\projects.js,105,js,5afdbb57,Jackie Wang,2025-02-08,11:47:00,-08:00,2025-02-08T11:47:00-08:00,0,77
projects\projects.js,106,js,5afdbb57,Jackie Wang,2025-02-08,11:47:00,-08:00,2025-02-08T11:47:00-08:00,0,19
projects\projects.js,107,js,5afdbb57,Jackie Wang,2025-02-08,11:47:00,-08:00,2025-02-08T11:47:00-08:00,0,55
projects\projects.js,108,js,5afdbb57,Jackie Wang,2025-02-08,11:47:00,-08:00,2025-02-08T11:47:00-08:00,0,0
projects\projects.js,109,js,1cd91353,Jackie Wang,2025-02-08,11:14:11,-08:00,2025-02-08T11:14:11-08:00,0,0
projects\projects.js,110,js,1cd91353,Jackie Wang,2025-02-08,11:14:11,-08:00,2025-02-08T11:14:11-08:00,0,2
projects\projects.js,111,js,94c9d776,Jackie Wang,2025-02-06,20:13:36,-08:00,2025-02-06T20:13:36-08:00,0,2
projects\projects.js,112,js,94c9d776,Jackie Wang,2025-02-06,20:13:36,-08:00,2025-02-06T20:13:36-08:00,0,0
projects\projects.js,113,js,5afdbb57,Jackie Wang,2025-02-08,11:47:00,-08:00,2025-02-08T11:47:00-08:00,0,39
projects\projects.js,114,js,5afdbb57,Jackie Wang,2025-02-08,11:47:00,-08:00,2025-02-08T11:47:00-08:00,0,26
projects\projects.js,115,js,5afdbb57,Jackie Wang,2025-02-08,11:47:00,-08:00,2025-02-08T11:47:00-08:00,0,18
projects\projects.js,116,js,5afdbb57,Jackie Wang,2025-02-08,11:47:00,-08:00,2025-02-08T11:47:00-08:00,0,28
projects\projects.js,117,js,5afdbb57,Jackie Wang,2025-02-08,11:47:00,-08:00,2025-02-08T11:47:00-08:00,0,26
projects\projects.js,118,js,5afdbb57,Jackie Wang,2025-02-08,11:47:00,-08:00,2025-02-08T11:47:00-08:00,0,107
projects\projects.js,119,js,5afdbb57,Jackie Wang,2025-02-08,11:47:00,-08:00,2025-02-08T11:47:00-08:00,0,19
projects\projects.js,120,js,5afdbb57,Jackie Wang,2025-02-08,11:47:00,-08:00,2025-02-08T11:47:00-08:00,0,44
projects\projects.js,121,js,1cd91353,Jackie Wang,2025-02-08,11:14:11,-08:00,2025-02-08T11:14:11-08:00,0,28
projects\projects.js,122,js,1cd91353,Jackie Wang,2025-02-08,11:14:11,-08:00,2025-02-08T11:14:11-08:00,0,0
projects\projects.js,123,js,1cd91353,Jackie Wang,2025-02-08,11:14:11,-08:00,2025-02-08T11:14:11-08:00,0,26
projects\projects.js,124,js,5afdbb57,Jackie Wang,2025-02-08,11:47:00,-08:00,2025-02-08T11:47:00-08:00,0,32
projects\projects.js,125,js,5afdbb57,Jackie Wang,2025-02-08,11:47:00,-08:00,2025-02-08T11:47:00-08:00,0,77
projects\projects.js,126,js,5afdbb57,Jackie Wang,2025-02-08,11:47:00,-08:00,2025-02-08T11:47:00-08:00,0,19
projects\projects.js,127,js,5afdbb57,Jackie Wang,2025-02-08,11:47:00,-08:00,2025-02-08T11:47:00-08:00,0,55
projects\projects.js,128,js,5afdbb57,Jackie Wang,2025-02-08,11:47:00,-08:00,2025-02-08T11:47:00-08:00,0,0
projects\projects.js,129,js,1cd91353,Jackie Wang,2025-02-08,11:14:11,-08:00,2025-02-08T11:14:11-08:00,0,7
projects\projects.js,130,js,5afdbb57,Jackie Wang,2025-02-08,11:47:00,-08:00,2025-02-08T11:47:00-08:00,0,49
projects\projects.js,131,js,5afdbb57,Jackie Wang,2025-02-08,11:47:00,-08:00,2025-02-08T11:47:00-08:00,0,82
projects\projects.js,132,js,5afdbb57,Jackie Wang,2025-02-08,11:47:00,-08:00,2025-02-08T11:47:00-08:00,0,32
projects\projects.js,133,js,5afdbb57,Jackie Wang,2025-02-08,11:47:00,-08:00,2025-02-08T11:47:00-08:00,0,77
projects\projects.js,134,js,5afdbb57,Jackie Wang,2025-02-08,11:47:00,-08:00,2025-02-08T11:47:00-08:00,0,19
projects\projects.js,135,js,5afdbb57,Jackie Wang,2025-02-08,11:47:00,-08:00,2025-02-08T11:47:00-08:00,0,55
projects\projects.js,136,js,1cd91353,Jackie Wang,2025-02-08,11:14:11,-08:00,2025-02-08T11:14:11-08:00,0,0
projects\projects.js,137,js,5afdbb57,Jackie Wang,2025-02-08,11:47:00,-08:00,2025-02-08T11:47:00-08:00,0,0
projects\projects.js,138,js,5afdbb57,Jackie Wang,2025-02-08,11:47:00,-08:00,2025-02-08T11:47:00-08:00,0,2
projects\projects.js,139,js,5afdbb57,Jackie Wang,2025-02-08,11:47:00,-08:00,2025-02-08T11:47:00-08:00,0,2
projects\projects.js,140,js,5a1bd1e8,Jackie Wang,2025-02-06,20:27:05,-08:00,2025-02-06T20:27:05-08:00,0,0
projects\projects.js,141,js,5a1bd1e8,Jackie Wang,2025-02-06,20:27:05,-08:00,2025-02-06T20:27:05-08:00,0,0
projects\projects.js,142,js,1cd91353,Jackie Wang,2025-02-08,11:14:11,-08:00,2025-02-08T11:14:11-08:00,0,44
projects\projects.js,143,js,5a1bd1e8,Jackie Wang,2025-02-06,20:27:05,-08:00,2025-02-06T20:27:05-08:00,0,24
projects\projects.js,144,js,5a1bd1e8,Jackie Wang,2025-02-06,20:27:05,-08:00,2025-02-06T20:27:05-08:00,0,0
projects\projects.js,145,js,1cd91353,Jackie Wang,2025-02-08,11:14:11,-08:00,2025-02-08T11:14:11-08:00,0,77
projects\projects.js,146,js,5a1bd1e8,Jackie Wang,2025-02-06,20:27:05,-08:00,2025-02-06T20:27:05-08:00,0,49
projects\projects.js,147,js,1cd91353,Jackie Wang,2025-02-08,11:14:11,-08:00,2025-02-08T11:14:11-08:00,0,53
projects\projects.js,148,js,5ba1fa7a,Jackie Wang,2025-02-08,11:16:41,-08:00,2025-02-08T11:16:41-08:00,0,47
projects\projects.js,149,js,5a1bd1e8,Jackie Wang,2025-02-06,20:27:05,-08:00,2025-02-06T20:27:05-08:00,0,62
projects\projects.js,150,js,1cd91353,Jackie Wang,2025-02-08,11:14:11,-08:00,2025-02-08T11:14:11-08:00,0,29
projects\projects.js,151,js,5a1bd1e8,Jackie Wang,2025-02-06,20:27:05,-08:00,2025-02-06T20:27:05-08:00,0,2
projects\projects.js,152,js,5a1bd1e8,Jackie Wang,2025-02-06,20:27:05,-08:00,2025-02-06T20:27:05-08:00,0,0
projects\projects.js,153,js,5ba1fa7a,Jackie Wang,2025-02-08,11:16:41,-08:00,2025-02-08T11:16:41-08:00,0,17
projects\projects.js,154,js,1cd91353,Jackie Wang,2025-02-08,11:14:11,-08:00,2025-02-08T11:14:11-08:00,0,18
projects\projects.js,155,js,5ba1fa7a,Jackie Wang,2025-02-08,11:16:41,-08:00,2025-02-08T11:16:41-08:00,0,0
projects\projects.js,156,js,5a1bd1e8,Jackie Wang,2025-02-06,20:27:05,-08:00,2025-02-06T20:27:05-08:00,0,32
projects\projects.js,157,js,5ba1fa7a,Jackie Wang,2025-02-08,11:16:41,-08:00,2025-02-08T11:16:41-08:00,0,84
projects\projects.js,158,js,5a1bd1e8,Jackie Wang,2025-02-06,20:27:05,-08:00,2025-02-06T20:27:05-08:00,0,0
projects\projects.js,159,js,1cd91353,Jackie Wang,2025-02-08,11:14:11,-08:00,2025-02-08T11:14:11-08:00,0,19
projects\projects.js,160,js,5ba1fa7a,Jackie Wang,2025-02-08,11:16:41,-08:00,2025-02-08T11:16:41-08:00,0,62
projects\projects.js,161,js,1cd91353,Jackie Wang,2025-02-08,11:14:11,-08:00,2025-02-08T11:14:11-08:00,0,0
projects\projects.js,162,js,5ba1fa7a,Jackie Wang,2025-02-08,11:16:41,-08:00,2025-02-08T11:16:41-08:00,0,31
projects\projects.js,163,js,5a1bd1e8,Jackie Wang,2025-02-06,20:27:05,-08:00,2025-02-06T20:27:05-08:00,0,2
projects\index.html,1,html,348c1107,Jackie Wang,2025-01-10,15:35:25,-08:00,2025-01-10T15:35:25-08:00,0,14
projects\index.html,2,html,348c1107,Jackie Wang,2025-01-10,15:35:25,-08:00,2025-01-10T15:35:25-08:00,0,15
projects\index.html,3,html,348c1107,Jackie Wang,2025-01-10,15:35:25,-08:00,2025-01-10T15:35:25-08:00,0,5
projects\index.html,4,html,348c1107,Jackie Wang,2025-01-10,15:35:25,-08:00,2025-01-10T15:35:25-08:00,0,21
projects\index.html,5,html,348c1107,Jackie Wang,2025-01-10,15:35:25,-08:00,2025-01-10T15:35:25-08:00,0,69
projects\index.html,6,html,348c1107,Jackie Wang,2025-01-10,15:35:25,-08:00,2025-01-10T15:35:25-08:00,0,21
projects\index.html,7,html,348c1107,Jackie Wang,2025-01-10,15:35:25,-08:00,2025-01-10T15:35:25-08:00,0,42
projects\index.html,8,html,1209784a,Jackie Wang,2025-01-30,23:26:47,-08:00,2025-01-30T23:26:47-08:00,0,58
projects\index.html,9,html,348c1107,Jackie Wang,2025-01-10,15:35:25,-08:00,2025-01-10T15:35:25-08:00,0,6
projects\index.html,10,html,348c1107,Jackie Wang,2025-01-10,15:35:25,-08:00,2025-01-10T15:35:25-08:00,0,5
projects\index.html,11,html,94c9d776,Jackie Wang,2025-02-06,20:13:36,-08:00,2025-02-06T20:13:36-08:00,0,18
projects\index.html,12,html,94c9d776,Jackie Wang,2025-02-06,20:13:36,-08:00,2025-02-06T20:13:36-08:00,0,0
projects\index.html,13,html,94c9d776,Jackie Wang,2025-02-06,20:13:36,-08:00,2025-02-06T20:13:36-08:00,0,42
projects\index.html,14,html,94c9d776,Jackie Wang,2025-02-06,20:13:36,-08:00,2025-02-06T20:13:36-08:00,0,26
projects\index.html,15,html,94c9d776,Jackie Wang,2025-02-06,20:13:36,-08:00,2025-02-06T20:13:36-08:00,0,33
projects\index.html,16,html,94c9d776,Jackie Wang,2025-02-06,20:13:36,-08:00,2025-02-06T20:13:36-08:00,0,53
projects\index.html,17,html,94c9d776,Jackie Wang,2025-02-06,20:13:36,-08:00,2025-02-06T20:13:36-08:00,0,78
projects\index.html,18,html,94c9d776,Jackie Wang,2025-02-06,20:13:36,-08:00,2025-02-06T20:13:36-08:00,0,5
projects\index.html,19,html,94c9d776,Jackie Wang,2025-02-06,20:13:36,-08:00,2025-02-06T20:13:36-08:00,0,18
projects\index.html,20,html,94c9d776,Jackie Wang,2025-02-06,20:13:36,-08:00,2025-02-06T20:13:36-08:00,0,49
projects\index.html,21,html,94c9d776,Jackie Wang,2025-02-06,20:13:36,-08:00,2025-02-06T20:13:36-08:00,0,4
projects\index.html,22,html,94c9d776,Jackie Wang,2025-02-06,20:13:36,-08:00,2025-02-06T20:13:36-08:00,0,5
projects\index.html,23,html,5dc9fd8d,Jackie Wang,2025-01-10,18:59:51,-08:00,2025-01-10T18:59:51-08:00,0,0
projects\index.html,24,html,5a1bd1e8,Jackie Wang,2025-02-06,20:27:05,-08:00,2025-02-06T20:27:05-08:00,0,20
projects\index.html,25,html,5a1bd1e8,Jackie Wang,2025-02-06,20:27:05,-08:00,2025-02-06T20:27:05-08:00,0,5
projects\index.html,26,html,5a1bd1e8,Jackie Wang,2025-02-06,20:27:05,-08:00,2025-02-06T20:27:05-08:00,0,16
projects\index.html,27,html,5a1bd1e8,Jackie Wang,2025-02-06,20:27:05,-08:00,2025-02-06T20:27:05-08:00,0,12
projects\index.html,28,html,5a1bd1e8,Jackie Wang,2025-02-06,20:27:05,-08:00,2025-02-06T20:27:05-08:00,0,27
projects\index.html,29,html,5a1bd1e8,Jackie Wang,2025-02-06,20:27:05,-08:00,2025-02-06T20:27:05-08:00,0,32
projects\index.html,30,html,5a1bd1e8,Jackie Wang,2025-02-06,20:27:05,-08:00,2025-02-06T20:27:05-08:00,0,1
projects\index.html,31,html,5a1bd1e8,Jackie Wang,2025-02-06,20:27:05,-08:00,2025-02-06T20:27:05-08:00,0,0
projects\index.html,32,html,c426c238,Jackie Wang,2025-01-17,18:21:55,-08:00,2025-01-17T18:21:55-08:00,0,21
projects\index.html,33,html,1209784a,Jackie Wang,2025-01-30,23:26:47,-08:00,2025-01-30T23:26:47-08:00,0,13
projects\index.html,34,html,c426c238,Jackie Wang,2025-01-17,18:21:55,-08:00,2025-01-17T18:21:55-08:00,0,24
projects\index.html,35,html,c426c238,Jackie Wang,2025-01-17,18:21:55,-08:00,2025-01-17T18:21:55-08:00,0,88
projects\index.html,36,html,c426c238,Jackie Wang,2025-01-17,18:21:55,-08:00,2025-01-17T18:21:55-08:00,0,363
projects\index.html,37,html,c426c238,Jackie Wang,2025-01-17,18:21:55,-08:00,2025-01-17T18:21:55-08:00,0,9
projects\index.html,38,html,c426c238,Jackie Wang,2025-01-17,18:21:55,-08:00,2025-01-17T18:21:55-08:00,0,0
projects\index.html,39,html,c426c238,Jackie Wang,2025-01-17,18:21:55,-08:00,2025-01-17T18:21:55-08:00,0,8
projects\index.html,40,html,c426c238,Jackie Wang,2025-01-17,18:21:55,-08:00,2025-01-17T18:21:55-08:00,0,25
projects\index.html,41,html,c426c238,Jackie Wang,2025-01-17,18:21:55,-08:00,2025-01-17T18:21:55-08:00,0,88
projects\index.html,42,html,c426c238,Jackie Wang,2025-01-17,18:21:55,-08:00,2025-01-17T18:21:55-08:00,0,62
projects\index.html,43,html,c426c238,Jackie Wang,2025-01-17,18:21:55,-08:00,2025-01-17T18:21:55-08:00,0,9
projects\index.html,44,html,c426c238,Jackie Wang,2025-01-17,18:21:55,-08:00,2025-01-17T18:21:55-08:00,0,0
projects\index.html,45,html,c426c238,Jackie Wang,2025-01-17,18:21:55,-08:00,2025-01-17T18:21:55-08:00,0,8
projects\index.html,46,html,c426c238,Jackie Wang,2025-01-17,18:21:55,-08:00,2025-01-17T18:21:55-08:00,0,25
projects\index.html,47,html,c426c238,Jackie Wang,2025-01-17,18:21:55,-08:00,2025-01-17T18:21:55-08:00,0,88
projects\index.html,48,html,c426c238,Jackie Wang,2025-01-17,18:21:55,-08:00,2025-01-17T18:21:55-08:00,0,62
projects\index.html,49,html,c426c238,Jackie Wang,2025-01-17,18:21:55,-08:00,2025-01-17T18:21:55-08:00,0,9
projects\index.html,50,html,c426c238,Jackie Wang,2025-01-17,18:21:55,-08:00,2025-01-17T18:21:55-08:00,0,0
projects\index.html,51,html,c426c238,Jackie Wang,2025-01-17,18:21:55,-08:00,2025-01-17T18:21:55-08:00,0,8
projects\index.html,52,html,c426c238,Jackie Wang,2025-01-17,18:21:55,-08:00,2025-01-17T18:21:55-08:00,0,25
projects\index.html,53,html,c426c238,Jackie Wang,2025-01-17,18:21:55,-08:00,2025-01-17T18:21:55-08:00,0,88
projects\index.html,54,html,c426c238,Jackie Wang,2025-01-17,18:21:55,-08:00,2025-01-17T18:21:55-08:00,0,62
projects\index.html,55,html,c426c238,Jackie Wang,2025-01-17,18:21:55,-08:00,2025-01-17T18:21:55-08:00,0,9
projects\index.html,56,html,c426c238,Jackie Wang,2025-01-17,18:21:55,-08:00,2025-01-17T18:21:55-08:00,0,0
projects\index.html,57,html,c426c238,Jackie Wang,2025-01-17,18:21:55,-08:00,2025-01-17T18:21:55-08:00,0,8
projects\index.html,58,html,c426c238,Jackie Wang,2025-01-17,18:21:55,-08:00,2025-01-17T18:21:55-08:00,0,25
projects\index.html,59,html,c426c238,Jackie Wang,2025-01-17,18:21:55,-08:00,2025-01-17T18:21:55-08:00,0,88
projects\index.html,60,html,c426c238,Jackie Wang,2025-01-17,18:21:55,-08:00,2025-01-17T18:21:55-08:00,0,62
projects\index.html,61,html,c426c238,Jackie Wang,2025-01-17,18:21:55,-08:00,2025-01-17T18:21:55-08:00,0,9
projects\index.html,62,html,c426c238,Jackie Wang,2025-01-17,18:21:55,-08:00,2025-01-17T18:21:55-08:00,0,0
projects\index.html,63,html,c426c238,Jackie Wang,2025-01-17,18:21:55,-08:00,2025-01-17T18:21:55-08:00,0,8
projects\index.html,64,html,c426c238,Jackie Wang,2025-01-17,18:21:55,-08:00,2025-01-17T18:21:55-08:00,0,25
projects\index.html,65,html,c426c238,Jackie Wang,2025-01-17,18:21:55,-08:00,2025-01-17T18:21:55-08:00,0,88
projects\index.html,66,html,c426c238,Jackie Wang,2025-01-17,18:21:55,-08:00,2025-01-17T18:21:55-08:00,0,62
projects\index.html,67,html,c426c238,Jackie Wang,2025-01-17,18:21:55,-08:00,2025-01-17T18:21:55-08:00,0,9
projects\index.html,68,html,c426c238,Jackie Wang,2025-01-17,18:21:55,-08:00,2025-01-17T18:21:55-08:00,0,0
projects\index.html,69,html,c426c238,Jackie Wang,2025-01-17,18:21:55,-08:00,2025-01-17T18:21:55-08:00,0,8
projects\index.html,70,html,c426c238,Jackie Wang,2025-01-17,18:21:55,-08:00,2025-01-17T18:21:55-08:00,0,25
projects\index.html,71,html,c426c238,Jackie Wang,2025-01-17,18:21:55,-08:00,2025-01-17T18:21:55-08:00,0,88
projects\index.html,72,html,c426c238,Jackie Wang,2025-01-17,18:21:55,-08:00,2025-01-17T18:21:55-08:00,0,62
projects\index.html,73,html,c426c238,Jackie Wang,2025-01-17,18:21:55,-08:00,2025-01-17T18:21:55-08:00,0,9
projects\index.html,74,html,c426c238,Jackie Wang,2025-01-17,18:21:55,-08:00,2025-01-17T18:21:55-08:00,0,0
projects\index.html,75,html,c426c238,Jackie Wang,2025-01-17,18:21:55,-08:00,2025-01-17T18:21:55-08:00,0,8
projects\index.html,76,html,c426c238,Jackie Wang,2025-01-17,18:21:55,-08:00,2025-01-17T18:21:55-08:00,0,25
projects\index.html,77,html,c426c238,Jackie Wang,2025-01-17,18:21:55,-08:00,2025-01-17T18:21:55-08:00,0,88
projects\index.html,78,html,c426c238,Jackie Wang,2025-01-17,18:21:55,-08:00,2025-01-17T18:21:55-08:00,0,62
projects\index.html,79,html,c426c238,Jackie Wang,2025-01-17,18:21:55,-08:00,2025-01-17T18:21:55-08:00,0,9
projects\index.html,80,html,c426c238,Jackie Wang,2025-01-17,18:21:55,-08:00,2025-01-17T18:21:55-08:00,0,0
projects\index.html,81,html,c426c238,Jackie Wang,2025-01-17,18:21:55,-08:00,2025-01-17T18:21:55-08:00,0,8
projects\index.html,82,html,c426c238,Jackie Wang,2025-01-17,18:21:55,-08:00,2025-01-17T18:21:55-08:00,0,25
projects\index.html,83,html,c426c238,Jackie Wang,2025-01-17,18:21:55,-08:00,2025-01-17T18:21:55-08:00,0,88
projects\index.html,84,html,c426c238,Jackie Wang,2025-01-17,18:21:55,-08:00,2025-01-17T18:21:55-08:00,0,62
projects\index.html,85,html,c426c238,Jackie Wang,2025-01-17,18:21:55,-08:00,2025-01-17T18:21:55-08:00,0,9
projects\index.html,86,html,c426c238,Jackie Wang,2025-01-17,18:21:55,-08:00,2025-01-17T18:21:55-08:00,0,0
projects\index.html,87,html,c426c238,Jackie Wang,2025-01-17,18:21:55,-08:00,2025-01-17T18:21:55-08:00,0,8
projects\index.html,88,html,c426c238,Jackie Wang,2025-01-17,18:21:55,-08:00,2025-01-17T18:21:55-08:00,0,25
projects\index.html,89,html,c426c238,Jackie Wang,2025-01-17,18:21:55,-08:00,2025-01-17T18:21:55-08:00,0,88
projects\index.html,90,html,c426c238,Jackie Wang,2025-01-17,18:21:55,-08:00,2025-01-17T18:21:55-08:00,0,62
projects\index.html,91,html,c426c238,Jackie Wang,2025-01-17,18:21:55,-08:00,2025-01-17T18:21:55-08:00,0,9
projects\index.html,92,html,c426c238,Jackie Wang,2025-01-17,18:21:55,-08:00,2025-01-17T18:21:55-08:00,0,0
projects\index.html,93,html,c426c238,Jackie Wang,2025-01-17,18:21:55,-08:00,2025-01-17T18:21:55-08:00,0,8
projects\index.html,94,html,c426c238,Jackie Wang,2025-01-17,18:21:55,-08:00,2025-01-17T18:21:55-08:00,0,25
projects\index.html,95,html,c426c238,Jackie Wang,2025-01-17,18:21:55,-08:00,2025-01-17T18:21:55-08:00,0,88
projects\index.html,96,html,c426c238,Jackie Wang,2025-01-17,18:21:55,-08:00,2025-01-17T18:21:55-08:00,0,62
projects\index.html,97,html,c426c238,Jackie Wang,2025-01-17,18:21:55,-08:00,2025-01-17T18:21:55-08:00,0,9
projects\index.html,98,html,c426c238,Jackie Wang,2025-01-17,18:21:55,-08:00,2025-01-17T18:21:55-08:00,0,0
projects\index.html,99,html,c426c238,Jackie Wang,2025-01-17,18:21:55,-08:00,2025-01-17T18:21:55-08:00,0,8
projects\index.html,100,html,c426c238,Jackie Wang,2025-01-17,18:21:55,-08:00,2025-01-17T18:21:55-08:00,0,25
projects\index.html,101,html,c426c238,Jackie Wang,2025-01-17,18:21:55,-08:00,2025-01-17T18:21:55-08:00,0,88
projects\index.html,102,html,c426c238,Jackie Wang,2025-01-17,18:21:55,-08:00,2025-01-17T18:21:55-08:00,0,62
projects\index.html,103,html,1209784a,Jackie Wang,2025-01-30,23:26:47,-08:00,2025-01-30T23:26:47-08:00,0,13
projects\index.html,104,html,c426c238,Jackie Wang,2025-01-17,18:21:55,-08:00,2025-01-17T18:21:55-08:00,0,5
projects\index.html,105,html,1209784a,Jackie Wang,2025-01-30,23:26:47,-08:00,2025-01-30T23:26:47-08:00,0,0
projects\index.html,106,html,94c9d776,Jackie Wang,2025-02-06,20:13:36,-08:00,2025-02-06T20:13:36-08:00,0,0
projects\index.html,107,html,1209784a,Jackie Wang,2025-01-30,23:26:47,-08:00,2025-01-30T23:26:47-08:00,0,29
projects\index.html,108,html,1209784a,Jackie Wang,2025-01-30,23:26:47,-08:00,2025-01-30T23:26:47-08:00,0,49
projects\index.html,109,html,1209784a,Jackie Wang,2025-01-30,23:26:47,-08:00,2025-01-30T23:26:47-08:00,0,48
projects\index.html,110,html,348c1107,Jackie Wang,2025-01-10,15:35:25,-08:00,2025-01-10T15:35:25-08:00,0,6
projects\index.html,111,html,348c1107,Jackie Wang,2025-01-10,15:35:25,-08:00,2025-01-10T15:35:25-08:00,0,6
contact\index.html,1,html,348c1107,Jackie Wang,2025-01-10,15:35:25,-08:00,2025-01-10T15:35:25-08:00,0,14
contact\index.html,2,html,348c1107,Jackie Wang,2025-01-10,15:35:25,-08:00,2025-01-10T15:35:25-08:00,0,15
contact\index.html,3,html,348c1107,Jackie Wang,2025-01-10,15:35:25,-08:00,2025-01-10T15:35:25-08:00,0,5
contact\index.html,4,html,348c1107,Jackie Wang,2025-01-10,15:35:25,-08:00,2025-01-10T15:35:25-08:00,0,21
contact\index.html,5,html,348c1107,Jackie Wang,2025-01-10,15:35:25,-08:00,2025-01-10T15:35:25-08:00,0,69
contact\index.html,6,html,348c1107,Jackie Wang,2025-01-10,15:35:25,-08:00,2025-01-10T15:35:25-08:00,0,21
contact\index.html,7,html,348c1107,Jackie Wang,2025-01-10,15:35:25,-08:00,2025-01-10T15:35:25-08:00,0,42
contact\index.html,8,html,84c6df06,Jackie Wang,2025-01-20,18:47:24,-08:00,2025-01-20T18:47:24-08:00,0,49
contact\index.html,9,html,348c1107,Jackie Wang,2025-01-10,15:35:25,-08:00,2025-01-10T15:35:25-08:00,0,6
contact\index.html,10,html,348c1107,Jackie Wang,2025-01-10,15:35:25,-08:00,2025-01-10T15:35:25-08:00,0,5
contact\index.html,11,html,348c1107,Jackie Wang,2025-01-10,15:35:25,-08:00,2025-01-10T15:35:25-08:00,0,0
contact\index.html,12,html,348c1107,Jackie Wang,2025-01-10,15:35:25,-08:00,2025-01-10T15:35:25-08:00,0,15
contact\index.html,13,html,348c1107,Jackie Wang,2025-01-10,15:35:25,-08:00,2025-01-10T15:35:25-08:00,0,0
contact\index.html,14,html,348c1107,Jackie Wang,2025-01-10,15:35:25,-08:00,2025-01-10T15:35:25-08:00,0,72
contact\index.html,15,html,348c1107,Jackie Wang,2025-01-10,15:35:25,-08:00,2025-01-10T15:35:25-08:00,0,32
contact\index.html,16,html,c426c238,Jackie Wang,2025-01-17,18:21:55,-08:00,2025-01-17T18:21:55-08:00,0,53
contact\index.html,17,html,348c1107,Jackie Wang,2025-01-10,15:35:25,-08:00,2025-01-10T15:35:25-08:00,0,0
contact\index.html,18,html,348c1107,Jackie Wang,2025-01-10,15:35:25,-08:00,2025-01-10T15:35:25-08:00,0,36
contact\index.html,19,html,c426c238,Jackie Wang,2025-01-17,18:21:55,-08:00,2025-01-17T18:21:55-08:00,0,57
contact\index.html,20,html,348c1107,Jackie Wang,2025-01-10,15:35:25,-08:00,2025-01-10T15:35:25-08:00,0,0
contact\index.html,21,html,c426c238,Jackie Wang,2025-01-17,18:21:55,-08:00,2025-01-17T18:21:55-08:00,0,33
contact\index.html,22,html,c426c238,Jackie Wang,2025-01-17,18:21:55,-08:00,2025-01-17T18:21:55-08:00,0,52
contact\index.html,23,html,348c1107,Jackie Wang,2025-01-10,15:35:25,-08:00,2025-01-10T15:35:25-08:00,0,0
contact\index.html,24,html,c426c238,Jackie Wang,2025-01-17,18:21:55,-08:00,2025-01-17T18:21:55-08:00,0,36
contact\index.html,25,html,348c1107,Jackie Wang,2025-01-10,15:35:25,-08:00,2025-01-10T15:35:25-08:00,0,6
contact\index.html,26,html,348c1107,Jackie Wang,2025-01-10,15:35:25,-08:00,2025-01-10T15:35:25-08:00,0,6
contact\index.html,27,html,348c1107,Jackie Wang,2025-01-10,15:35:25,-08:00,2025-01-10T15:35:25-08:00,0,6
